,account,account_desc,account_followers,account_loc,paper_doi,paper_pmid,timestamp,tweet_id
0,@ToxAndBeyond,,,,10.1016/j.ijheh.2015.02.002,25747543,2015-05-26T15:20:05+00:00,603219060340314113
1,@ToxAndBeyond,,,,10.1016/j.ijheh.2015.02.002,25747543,2015-06-26T15:20:02+00:00,614453069380632577
2,@VTSuN,,,,10.1016/j.ijheh.2015.02.002,25747543,2015-10-07T16:59:14+00:00,651803982726332416
3,@FralinLifeSci,,,,10.1016/j.ijheh.2015.02.002,25747543,2015-10-07T17:00:36+00:00,651804329612046336
4,@marinavance,,,,10.1016/j.ijheh.2015.02.002,25747543,2015-10-11T16:41:52+00:00,653249164759953408
5,@NanoSafe1,,,,10.1016/j.ijheh.2015.02.002,25747543,2015-10-11T17:41:13+00:00,653264100559077376
6,@marinavance,,,,10.1016/j.ijheh.2015.02.002,25747543,2015-11-05T16:26:17+00:00,662304941273423872
7,@NCE2NI,,,,10.1016/j.ijheh.2015.02.002,25747543,2015-11-05T16:32:04+00:00,662306393924485120
8,@VTSuN,,,,10.1016/j.ijheh.2015.02.002,25747543,2015-11-06T18:26:31+00:00,662697587980505088
9,@DecentNanowork,,,,10.1016/j.ijheh.2015.02.002,25747543,2015-12-17T10:59:10+00:00,677442910598660096
10,@ILSINorAndino,"Organización científica no gubernamental sin ánimo de lucro. 
Sucursal de la región norandina de ILSI Internacional.",154.0,CO,10.1016/j.vascn.2013.03.008,23567075,2014-01-30T18:33:08+00:00,428959077561937920
11,@reneerym,,10.0,,10.1038/nbt.2914,24837663,2014-05-19T14:57:56+00:00,468405196838539266
12,@pant_prateek,"Environmentalist, Scientist, Mathematician & Programmer. RTs ≠ Endorsements.",11795.0,US,10.1038/nbt.2914,24837663,2014-05-19T16:52:07+00:00,468433935362703361
13,@ellenmmartin,"Career: Writing, marcomm, PR, life sciences, bio+tech: microbiome, autoimmune, diagnostics, digital health, etc.",637.0,US,10.1038/nbt.2914,24837663,2014-05-19T19:39:42+00:00,468476108925456384
14,@MarikaTaddia,@NoStabularioFe #NoStabularioFerrara http://goo.gl/cT8VOL @BoycottMarshall #BoycottMarshallPetProducts  https://www.facebook.com/marika.taddia,2441.0,IT,10.1038/nbt.2914,24837663,2014-06-04T08:08:05+00:00,474100263469342720
15,@dr_alzhaimer,,35.0,,10.1038/nbt.2914,24837663,2014-05-19T18:31:36+00:00,468458969606799363
16,@MichaelCaudle1,Blending expertise in neuroscience and toxicology to study chemicals and the brain. Teacher. Mentor. Researcher.,57.0,US,10.1038/nbt.2914,24837663,2014-05-19T22:18:31+00:00,468516075613614080
17,@SVivisection,Let's collect 1 milion signatures with the European Citizens' Initiative to abolish animal experimentation! STOP VIVISECTION,7838.0,US,10.1038/nbt.2914,24837663,2014-06-04T09:22:09+00:00,474118900985364480
18,@ROSACANINACLUB,"Consulenze agli allevatori e forniture di fitoterapici.
E' un'azienda che certifica gli allevamenti in regola con il benessere animale,secondo i dettami CE.",220.0,,10.1038/nbt.2914,24837663,2014-06-04T12:35:26+00:00,474167542362427392
19,@NatureBiotech,Nature Biotechnology is a monthly journal covering the science and business of biotechnology.,64236.0,,10.1038/nbt.2914,24837663,2014-05-19T14:49:47+00:00,468403146705088513
20,@VistaExpNetEuro,,254.0,,10.1038/nbt.2914,24837663,2014-05-19T14:58:33+00:00,468405351814287360
21,@Shlevkov,"Neurobiologist in the lab of Tom #Schwarz, @ #BostonChildrensHospital and #HarvardMedicalSchool. Heavy metal drummer. #axonaltrafficking #mitochondria",292.0,US,10.1038/nbt.2914,24837663,2014-05-19T15:07:16+00:00,468407546836185088
22,@EPAresearch,"Science news, links, and conversation from the US Environmental Protection Agency's Office of Research and Development (ORD). RTs /mentions are not endorsement.",85728.0,,10.1038/nbt.2914,24837663,2014-05-19T16:45:25+00:00,468432246266163200
23,@EHtox,"Environmental Health Scientist @ EPA Region 4. Adjunct @ Emory and GSU Schools of Public Health. Tweets, thoughts, opinions here are my own.",183.0,US,10.1038/nbt.2914,24837663,2014-05-19T17:14:13+00:00,468439495038480385
24,@SOToxicology,"Sharing toxicology news & topics for discussion as part of the Society of Toxicology’s commitment to creating a safer, healthier world by advancing the science.",1159.0,US,10.1038/nbt.2914,24837663,2014-06-02T18:04:35+00:00,473525599508889602
25,@fiddler_K,進化の話とアイルランド音楽が好きな和歌山出身の帯広人。札幌は第二の故郷。某漫画の影響で囲碁も好き（ただ弱い）。好きなコント師はラーメンズ。しいたけ嫌い。CoSTEP 7期生。 http://twilog.org/fiddler_K,332.0,JP,10.1038/nbt.2914,24837663,2015-06-25T04:56:07+00:00,613933666813612032
26,@BioinformaticsP,"New papers from: Oxford Bioinformatics, Briefings in Bioinformatics, BMC Bioinformatics, SCFBM, PLOS CB, ACM/IEEE. Generated with twitterfeed",205.0,,10.1371/journal.pcbi.1004495,26871706,2016-02-12T18:42:20+00:00,698215577446297600
27,@EvoPharm,,5.0,,10.1371/journal.pcbi.1004495,26871706,2016-02-15T16:37:25+00:00,699271304000700416
28,@rlanzara,Entrepreneurial Scientist and Pharmacologist interested in how our senses and receptors work and everything else that follows from that...,8809.0,US,10.1371/journal.pcbi.1004495,26871706,2016-02-24T17:02:47+00:00,702539180237307904
29,@ForecomBio,"Toxicology, Product Safety, Regulatory, and Chemical Risk Assessment.",233.0,GB,10.1016/j.yrtph.2014.04.009,24768934,2014-06-08T21:35:43+00:00,475753059432542208
30,@SOToxicology,"Sharing toxicology news & topics for discussion as part of the Society of Toxicology’s commitment to creating a safer, healthier world by advancing the science.",1141.0,US,10.1093/toxsci/kfu320,25564424,2015-04-17T02:30:46+00:00,588892328720478208
31,@mpastorPhI,"Head of PharmacoInformatics lab. Interested in drug safety, computing and education.",185.0,ES,10.1093/toxsci/kfu320,25564424,2015-04-17T06:39:55+00:00,588955028045635584
32,@limnologia,"Latest Publications in Limnology, Water Resources Research, Freshwater Ecology, Hydrology and related fields | Editor @fgusmao | visit: http://limnologia.org",407.0,,10.1002/etc.2174,23404747,2013-02-12T18:06:00+00:00,301391721537880066
33,@SpinStatePapers,"Here you will find an automated update of papers dealing with spin-states in transition-metal complexes, taken directly from PubMed",24.0,ES,10.1021/ar5004219,25668700,2015-02-11T11:48:04+00:00,565477365263134720
34,@limnologia,"Latest Publications in Limnology, Water Resources Research, Freshwater Ecology, Hydrology and related fields | Editor @fgusmao | visit: http://limnologia.org",409.0,,10.1002/eco.1618,,2015-02-06T02:55:24+00:00,563531375383699456
35,@limnologia,"Latest Publications in Limnology, Water Resources Research, Freshwater Ecology, Hydrology and related fields | Editor @fgusmao | visit: http://limnologia.org",409.0,,10.1002/eco.1618,,2015-02-26T11:43:31+00:00,570912038437961728
36,@andrewrypel,"Fish and freshwater science towards better conservation. Defender of panfish, mussels, long-term ecology and Brewers baseball. Megalopolitan Man 2.0 #Data",1288.0,US,10.1002/eco.1618,,2015-07-26T23:55:27+00:00,625454415751868416
37,@EStanLimnology,Freshwater sciences,844.0,US,10.1002/eco.1618,,2015-07-27T05:38:59+00:00,625540867290480640
38,@DitchOntologist,student of seemingly random soggy places,219.0,US,10.1002/eco.1618,,2015-07-27T13:01:05+00:00,625652126560206850
39,@Loose_Lab_Rat,Dwelling in the space between #obstetrics & #toxicology. Chemicals targeting the maternal-fetal interface; toxicant-induced placental aging.,1395.0,,10.1093/toxsci/kft243,24218150,2014-09-23T14:42:46+00:00,514424638605393920
40,@Loose_Lab_Rat,Dwelling in the space between #obstetrics & #toxicology. Chemicals targeting the maternal-fetal interface; toxicant-induced placental aging.,1395.0,,10.1093/toxsci/kft243,24218150,2013-11-13T15:04:36+00:00,400640343177457664
41,@RNA_seq,"A PubMed RSS feed for RNA-seq [title/abstract], by dlvr.it,  http://bit.ly/1qv7gmS, and @CIgenomics",760.0,GB,10.1016/j.chemosphere.2015.09.107,26524144,2015-11-03T11:29:05+00:00,661505370712477696
42,@ForecomBio,"Toxicology, Product Safety, Regulatory, and Chemical Risk Assessment.",241.0,GB,10.1016/j.yrtph.2014.09.009,25261300,2014-09-30T10:13:29+00:00,516893589432184833
43,@ForecomBio,"Toxicology, Product Safety, Regulatory, and Chemical Risk Assessment.",241.0,GB,10.1016/j.yrtph.2014.09.009,25261300,2015-02-10T14:44:20+00:00,565159337946271746
44,@ecotoxicology,Ecotoxicology and Environmental Pollution  Publications Feed. Keep updated with the latest publications in Evironmental Toxicology and related fields.,1043.0,,10.1002/etc.2686,25043825,2014-08-29T20:23:26+00:00,505450676760346626
45,@ecotoxicology,Ecotoxicology and Environmental Pollution  Publications Feed. Keep updated with the latest publications in Evironmental Toxicology and related fields.,1135.0,,10.1016/j.aquatox.2015.10.002,26485527,2015-10-21T09:48:51+00:00,656769107015155712
46,@MCubedServices,"M³ is a #WestVirginia company teaching #science & #regulation to the cannabis #industry and teaching regulators, scientists & public about #hemp & #cannabis.",538.0,US,10.1016/j.aquatox.2015.10.002,26485527,2015-10-25T23:25:34+00:00,658424191503474688
47,@BlackPhysicists,,,,10.1088/1752-7155/10/1/010201,26954510,2016-03-09T07:18:37+00:00,707465600591912960
48,@MicrobiomePaper,,,,10.1088/1752-7155/10/1/010201,26954510,2016-03-10T11:12:18+00:00,707886794239389696
49,@IOPPublishing,,,,10.1088/1752-7155/10/1/010201,26954510,2016-03-17T14:05:16+00:00,710467040172253184
50,@DBoardFP7,The European Consortium For Osteoarthritis Biomarker Discovery,90.0,VC,10.3109/1354750x.2014.985254,25444302,2014-12-19T09:50:00+00:00,545878708650004480
51,@msmalsaadi,,227.0,,10.1021/es502676e,24960280,2014-07-14T15:46:21+00:00,488711101014474752
52,@SOToxicology,"Sharing toxicology news & topics for discussion as part of the Society of Toxicology’s commitment to creating a safer, healthier world by advancing the science.",1141.0,US,10.1021/es502676e,24960280,2014-07-18T01:30:32+00:00,489945283317755905
53,@SusanPartlow,"fine art, illustration, design, photography
children, social justice, love, peace and God",652.0,US,10.1021/es502676e,24960280,2014-07-18T04:31:04+00:00,489990716026662913
54,@EPAresearch,"Science news, links, and conversation from the US Environmental Protection Agency's Office of Research and Development (ORD). RTs /mentions are not endorsement.",85512.0,,10.1021/es502676e,24960280,2014-07-11T19:40:24+00:00,487682840080187392
55,@EPAresearch,"Science news, links, and conversation from the US Environmental Protection Agency's Office of Research and Development (ORD). RTs /mentions are not endorsement.",85512.0,,10.1021/es502676e,24960280,2014-07-14T15:01:47+00:00,488699888998559744
56,@SOToxicology,"Sharing toxicology news & topics for discussion as part of the Society of Toxicology’s commitment to creating a safer, healthier world by advancing the science.",1099.0,US,10.1093/toxsci/kfv090,25953703,2015-08-03T16:05:58+00:00,628235369214005249
57,@ToxAndBeyond,"Information about science, the environment, consumer products, risk assessment, risk management, and beyond, served alongside the wonders of humor.",195.0,,10.1021/es502513w,25222184,2014-12-27T17:41:09+00:00,548896378034724864
58,@ToxAndBeyond,"Information about science, the environment, consumer products, risk assessment, risk management, and beyond, served alongside the wonders of humor.",195.0,,10.1021/es502513w,25222184,2014-11-27T17:40:06+00:00,538024479511687168
59,@ToxAndBeyond,"Information about science, the environment, consumer products, risk assessment, risk management, and beyond, served alongside the wonders of humor.",195.0,,10.1021/es502513w,25222184,2014-10-26T13:35:09+00:00,526366423677800448
60,@ToxAndBeyond,"Information about science, the environment, consumer products, risk assessment, risk management, and beyond, served alongside the wonders of humor.",195.0,,10.1021/es502513w,25222184,2014-09-26T13:34:05+00:00,515494519077212160
61,@Nanotechwater,,7.0,,10.1016/j.coche.2013.09.004,,2013-11-02T05:31:07+00:00,396509756149735424
62,@JAgFoodChem,Publishing peer-reviewed research on advances dealing with the chemistry and biochemistry of agriculture and food.,806.0,US,10.1021/jf5060744,25855233,2015-04-09T19:10:44+00:00,586244875198271489
63,@ecotoxicology,Ecotoxicology and Environmental Pollution  Publications Feed. Keep updated with the latest publications in Evironmental Toxicology and related fields.,1138.0,,10.1016/j.aquatox.2015.12.024,26852267,2016-01-08T17:08:40+00:00,685508428102504448
64,@godelitsas,"Athanasios is an assist. professor at University of Athens (GR) and visiting professor at Complutense University (E) / Mineralogy, Geochemistry, Nanogeoscience.",6044.0,GR,10.1016/j.aquatox.2015.12.024,26852267,2016-01-08T17:13:29+00:00,685509641841803264
65,@klifc,[Public] Information is provided as a courtesy and does not constitute  legally binding information. ALL FREE AND PUBLIC.,2978.0,,10.1021/acs.est.5b01215,26392038,2016-03-04T05:40:21+00:00,705628931341176833
66,@pwmullen,,,,10.1093/toxsci/kfv188,26609132,2015-11-25T18:16:41+00:00,669580479574732800
67,@microRNA_papers,,,,10.1093/toxsci/kfv188,26609132,2015-11-27T16:39:11+00:00,670280719634006016
68,@SOToxicology,,,,10.1093/toxsci/kfv188,26609132,2015-12-02T18:25:07+00:00,672119319761985536
69,@for_Content,,,,10.1093/toxsci/kfv188,26609132,2015-12-02T18:58:36+00:00,672127745887965184
70,@HESI_Global,,,,10.1093/toxsci/kfv188,26609132,2015-12-03T16:22:30+00:00,672450847838707712
71,@alshaere,إِنَّها لا تُقَدَّرْ بِثَمَنْ ... و لا غَالِبَ الإ اللَّهٌ .... عضو هيئة تدريس - تقنية النانو الحيوية - جامعة الملك عبدالعزيز Nanobiotechnology & Nanotoxicology,3173.0,,10.1002/ieam.1663,26011822,2015-05-24T02:55:15+00:00,602306840454541315
72,@M_Hartl,Associate Prof trying to balance being a marine ecotoxicologist & a dad to two energetic boys...Opinions are my own.,1087.0,GB,10.1002/ieam.1663,26011822,2015-05-24T08:06:11+00:00,602385087603310592
73,@MASTSStress,MASTS Marine Stressors Forum. All about known and emerging stressors affecting the marine environment http://www.masts.ac.uk/research/research-forums/stressors/,47.0,,10.1002/ieam.1663,26011822,2015-05-24T10:23:57+00:00,602419759540477952
74,@ecotoxicology,Ecotoxicology and Environmental Pollution  Publications Feed. Keep updated with the latest publications in Evironmental Toxicology and related fields.,1081.0,,10.1002/ieam.1663,26011822,2015-05-23T22:53:45+00:00,602246064855461889
75,@ecotoxicology,Ecotoxicology and Environmental Pollution  Publications Feed. Keep updated with the latest publications in Evironmental Toxicology and related fields.,1135.0,,10.1007/s00244-015-0183-2,26135301,2015-07-02T01:22:50+00:00,616416708073549824
76,@FCSRovaltain,Compte officiel de la Fondation TOX-ECOTOX de Rovaltain : la fondation pour la recherche en toxicologie environnementale et écotoxicologie,209.0,FR,10.1007/s00244-015-0183-2,26135301,2015-07-02T04:07:41+00:00,616458195427532800
77,@puruckertom,Research ecologist at the USEPA and teach at the University of North Georgia.,46.0,US,10.1007/s00244-015-0183-2,26135301,2015-08-18T20:53:46+00:00,633743612455489536
78,@ecotoxicology,Ecotoxicology and Environmental Pollution  Publications Feed. Keep updated with the latest publications in Evironmental Toxicology and related fields.,1135.0,,10.1007/s00244-015-0183-2,26135301,2015-10-10T18:28:56+00:00,652913722768408576
79,@UBCFoMGrantDev,,47.0,,10.1093/toxsci/kfw002,26781511,2016-03-11T05:09:07+00:00,708157784739581952
80,@LabRobot,Andy Zaayenga,663.0,,10.1093/toxsci/kfw002,26781511,2016-03-14T12:02:08+00:00,709348886876459008
81,@LRIG_ORG,"Laboratory Robotics Interest Group - laboratory automation and robotics in life science, drug discovery, biobanking, biomolecular screening. Andy Zaayenga",1591.0,,10.1093/toxsci/kfw002,26781511,2016-03-14T12:10:33+00:00,709351003603263488
82,@ASRS,"Automated Storage and Retrieval Systems, ASRS, AS/RS, Automated or semi-automated systems for chemical or biological library storage
Andy Zaayenga",112.0,,10.1093/toxsci/kfw002,26781511,2016-03-15T15:45:47+00:00,709767557906042880
83,@Lab2Bedside,"personalized medicine, lab to bedside, bench to bedside, predictive medicine, targeted therapy, personal genomics, pharmacogenomics. Andy Zaayenga",77.0,,10.1093/toxsci/kfw002,26781511,2016-03-15T18:55:30+00:00,709815301110632448
84,@UBCFoMGrantDev,,47.0,,10.1093/toxsci/kfw002,26781511,2016-03-25T09:07:34+00:00,713291220848488449
85,@LRIG_ORG,"Laboratory Robotics Interest Group - laboratory automation and robotics in life science, drug discovery, biobanking, biomolecular screening. Andy Zaayenga",1591.0,,10.1093/toxsci/kfw002,26781511,2016-03-25T16:10:11+00:00,713397579044749313
86,@LabRobot,Andy Zaayenga,663.0,,10.1093/toxsci/kfw002,26781511,2016-03-25T16:45:11+00:00,713406385564819456
87,@ASRS,"Automated Storage and Retrieval Systems, ASRS, AS/RS, Automated or semi-automated systems for chemical or biological library storage
Andy Zaayenga",112.0,,10.1093/toxsci/kfw002,26781511,2016-03-28T19:02:30+00:00,714528105910702080
88,@SOToxicology,"Sharing toxicology news & topics for discussion as part of the Society of Toxicology’s commitment to creating a safer, healthier world by advancing the science.",1141.0,US,10.1093/toxsci/kfw002,26781511,2016-04-01T18:20:28+00:00,715967081364197380
89,@labsustain,,,,10.1021/es400483k,23668881,2013-06-05T23:00:14+00:00,342415597197463552
90,@acsdchas,,,,10.1021/es400483k,23668881,2013-06-10T19:00:10+00:00,344167119308607488
91,@cornelllabsafe,,,,10.1021/es400483k,23668881,2013-06-06T21:00:11+00:00,342747772111446017
92,@TS31_Internos,Staandwant op harder en zeebaars. Wad & strand. Houdt van lekker eten. Sinds 2006 Waddengoud-gecert.Slow Food presidium. Viskraam op bio boerenmarkten Utr/Adam.,1649.0,NL,10.1002/etc.2041,23109279,2012-12-12T21:17:19+00:00,278971820282085376
93,@bijensterfte,"Ontwikkelingen in wetenschap, politiek en samenleving rond  wereldwijde achteruitgang van bestuivende insecten. Univ. Utrecht, Copernicus Instituut",1584.0,NL,10.1002/etc.2041,23109279,2012-12-12T18:47:59+00:00,278934236633919488
94,@limnologia,"Latest Publications in Limnology, Water Resources Research, Freshwater Ecology, Hydrology and related fields | Editor @fgusmao | visit: http://limnologia.org",366.0,,10.1002/etc.2041,23109279,2012-10-26T22:53:57+00:00,261963909970407424
95,@skim_lab,,14.0,,10.1016/j.reprotox.2015.04.003,25889759,2016-04-29T10:34:09+00:00,725996588355620865
96,@usmlestatistics,,7.0,,10.1080/10937404.2014.956854,25333994,2014-12-17T11:37:23+00:00,545180954629660672
97,@ToxSci,"Toxicological Sciences, The Official Journal of the Society of Toxicology",200.0,,10.1093/toxsci/kfv118,26085347,2015-09-01T13:23:37+00:00,638703759107989504
98,@EPAresearch,"Science news, links, and conversation from the US Environmental Protection Agency's Office of Research and Development (ORD). RTs /mentions are not endorsement.",85512.0,,10.1093/toxsci/kfv118,26085347,2015-09-02T12:48:18+00:00,639057261571252224
99,@Pvincell,,,,10.1093/toxsci/kfr254,21948869,2016-04-18T14:20:41+00:00,722067328079392768
100,@osperh80,,,,10.1093/toxsci/kfr254,21948869,2016-04-19T02:38:59+00:00,722253129782206464
101,@AnestesiaF,"Anestesia. Compartir, revisar y fomentar la realización de referencias de la Literatura Médica Latinoamericana y a sus Autores.",1444.0,,10.1088/1752-7155/7/3/036001,23735676,2014-06-24T10:14:38+00:00,481379867074633729
102,@QRandGO,Scientist. QR-code designer. Developing teaching tools for blinds. #dendrimers #solarcells #greenchemistry #molinsight #qrcodes #periodictable #gamification,189.0,PT,10.1002/cssc.201300485,24357535,2013-12-04T23:30:45+00:00,408377868675080192
103,@microRNA_papers,"Twitterbot for microRNA papers from PubMed, arXiv, bioRxiv, and PeerJ. Papers should trickle in (2-3/hr), not flood.",533.0,,10.1093/carcin/bgv057,25913432,2015-09-26T06:09:10+00:00,647654122485739520
104,@epigen_papers,Chromatin & epigenetics paper feed from #Pubmed and #Arxiv - hear it here first! Comments & suggestions welcome. Also http://t.co/0Lque7l3ZD By @mariamdemidova,849.0,FR,10.1093/carcin/bgv057,25913432,2015-04-29T20:53:06+00:00,593518390662180872
105,@vegfrssfeeds,,346.0,,10.1289/ehp.1103412,21788198,2011-07-27T11:08:36+00:00,96175144871018496
106,@iNanoParticles,"http://t.co/qRLrKunT4d is your #Nanotechnology webportal for #Innovation in #Nanoparticles Technology. Find Tech Articles, Books Videos & Nanotech Industry News",6015.0,,10.1016/j.chemosphere.2014.03.058,25048889,2014-04-21T18:14:05+00:00,458307701450080256
107,@Nano_Research,Nanotechnology R&D News. Industry Nanotech Press Releases.,9299.0,US,10.1016/j.chemosphere.2014.03.058,25048889,2014-04-21T18:14:06+00:00,458307703735975936
108,@NanoTitania,"Nanotitania -Titanium Dioxide.  #Catalysis & #Photocatalysis Self-cleaning Surfaces, Air & Water Purification, #Nanoparticles Coatings Nanofibers #SolarCells",7514.0,,10.1016/j.chemosphere.2014.03.058,25048889,2014-04-21T06:48:00+00:00,458135042833666048
109,@nanocomposites,"Online information about nanocomposites, synthesis and industrial applications. Polymer nanocomposites, CNT composites, nanofiber composites.",4579.0,US,10.1016/j.chemosphere.2014.03.058,25048889,2014-04-21T07:41:20+00:00,458148465160122368
110,@Abir_Mhamdi,"Ce que l'on fait dans sa vie, résonne dans l'éternité...

G yes G will touch our everyday life in the most intimate way!",84.0,,10.1016/j.chemosphere.2014.03.058,25048889,2014-04-21T10:47:52+00:00,458195405088768000
111,@moukwa,Global Leader | Blogger following the chemicals and materials industries connecting the dots| Regular contributor to Business Standard and Plastics & Polymers,664.0,US,10.1016/j.chemosphere.2014.03.058,25048889,2014-04-21T13:09:04+00:00,458230940326952960
112,@dexmet,"Dexmet Manufactures Expanded Materials for  Aerospace, Wind Power, Hydrogen Generation, Filtration, Advanced Battery, Fuel Cells and Automotive Applications.",76.0,US,10.1016/j.chemosphere.2014.03.058,25048889,2014-04-21T13:16:14+00:00,458232744049672192
113,@solectrica,"Asesoría Eléctrica,  Mantenimiento, Supervisión, Diseño  y  Construcción (503)25560020",1101.0,SV,10.1016/j.chemosphere.2014.03.058,25048889,2014-04-21T14:35:32+00:00,458252699000389632
114,@EMMjournal,"This is the twitter of Environmental and Molecular Mutagenesis, an international journal publishing original research articles on environmental mutagenesis",36.0,,10.1002/em.21934,25537651,2014-12-24T23:59:46+00:00,547904498111221760
115,@DrJohnsonSwan,"Associate Professor at Swansea University - Teaches Genetics, Researches Genetic Toxicology, Director of Employability for College of Medicine",197.0,GB,10.1002/em.21934,25537651,2014-12-26T15:46:22+00:00,548505106212454400
116,@MCS_America,"To propagate medical, legal, and social recognition for multiple chemical sensitivity, a disorder induced by toxic environmental insults.",459.0,US,10.1016/j.scitotenv.2011.10.046,22104386,2012-01-10T18:49:19+00:00,156809863152943104
117,@ForecomBio,"Toxicology, Product Safety, Regulatory, and Chemical Risk Assessment.",241.0,GB,10.1016/j.fct.2013.12.029,24374094,2014-02-11T14:34:05+00:00,433247571796963328
118,@ToxAndBeyond,"Information about science, the environment, consumer products, risk assessment, risk management, and beyond, served alongside the wonders of humor.",195.0,,10.1016/j.chemosphere.2014.06.012,24997516,2014-08-11T18:26:12+00:00,498898192188981248
119,@CorsIAQ,Department Chair @UT_CAEE. Professor. Engineer. #IAQ researcher. Amateur folk guitarist. Dog sympathizer. Coffee addict. Gratefully Deadicated.,1261.0,US,10.1016/j.chemosphere.2014.06.012,24997516,2014-08-11T19:30:18+00:00,498914320999141377
120,@ToxAndBeyond,"Information about science, the environment, consumer products, risk assessment, risk management, and beyond, served alongside the wonders of humor.",195.0,,10.1016/j.chemosphere.2014.06.012,24997516,2014-07-11T18:25:04+00:00,487663883830579201
121,@k5193391,,46.0,,10.3109/10408444.2013.835785,24083384,2013-10-02T08:19:36+00:00,385318134220992512
122,@k519339,Beauty is awesome.,154.0,SE,10.3109/10408444.2013.835785,24083384,2013-10-02T07:58:42+00:00,385312871640346626
123,@k5193390,,66.0,,10.3109/10408444.2013.835785,24083384,2013-10-02T08:08:30+00:00,385315340005036033
124,@IHC_Toxicology,Keep up to date with all the latest news and content from Taylor & Francis Toxicology journals.,2327.0,GB,10.3109/10408444.2013.835785,24083384,2013-10-02T03:23:10+00:00,385243533537341441
125,@molecularbrain,"Molecular Brain is an open access, peer-reviewed online journal about all aspects of studies on the nervous system at the molecular, cellular, and systems level",214.0,,10.1186/s13041-015-0099-9,25757474,2015-02-20T15:59:27+00:00,568802117441298432
126,@SynapsePapers,Twitterbot bringing you new papers on neuronal synapses. By @ScienceScribe.,136.0,,10.1186/s13041-015-0099-9,25757474,2015-03-12T11:30:09+00:00,575982102509830144
127,@claufresearch,Mother + Brain Explorer + Neurophotonics Researcher + Biophotons Chasing + Love Maker + Books Lover + WomenInScience + Quantum Spirit* + Light*,1879.0,,10.1186/s13041-015-0099-9,25757474,2015-06-08T07:24:56+00:00,607810524370337792
128,@ecotoxicology,,,,10.1002/etc.2662,24922588,2014-08-25T16:11:40+00:00,503937763176382464
129,@Immunol_papers,"A TwitterBot for #Immunology papers on #PubMed searching for adaptive, innate and cyto/chemokine. Curated by @ulrikstervbo. For setup see http://bit.ly/1rwtvYu",490.0,,10.1016/j.taap.2014.11.016,25497286,2015-03-25T14:54:08+00:00,580744479465865216
130,@ecotoxicology,Ecotoxicology and Environmental Pollution  Publications Feed. Keep updated with the latest publications in Evironmental Toxicology and related fields.,1153.0,,10.1016/j.aquatox.2015.12.023,26818709,2016-01-19T11:59:51+00:00,689416980269379585
131,@kdschamp,Environmental Toxicology Professor and Researcher at Ghent University and a Big Soccer and Cycling Fan,303.0,,10.1002/etc.2972,25943079,2015-07-01T06:03:18+00:00,616124902475739136
132,@CanGovSciPubs,"A bot that tweets new research papers from Canadian Government Departments. Right now I watch AAFC, EC, DFO & NRCan. Not affiliated the Government of Canada",35.0,,10.1002/etc.2972,25943079,2016-01-05T12:24:20+00:00,684349713202597888
133,@ForecomBio,"Toxicology, Product Safety, Regulatory, and Chemical Risk Assessment.",241.0,GB,10.1093/toxsci/kfu199,25466378,2014-12-02T09:52:54+00:00,539718842986287105
134,@yonghuasupply,"Industrial Supply, Free Shipping",86.0,,10.1021/ie501081q,,2014-05-07T01:09:29+00:00,463848057512017920
135,@SOToxicology,"Sharing toxicology news & topics for discussion as part of the Society of Toxicology’s commitment to creating a safer, healthier world by advancing the science.",1141.0,US,10.1021/es403094q,24206563,2014-01-15T17:11:07+00:00,423502619366424576
136,@PACleanwater,"Professional Geologist, Husband, Father, Educator, Citizen, groundwater, private wells,  environmental education, water treatment, mine water",504.0,,10.1021/es403094q,24206563,2016-04-05T18:16:46+00:00,717415699069599745
137,@ExcelMale,"Peer Reviewed and Moderated Men's Health Forums, Videos, Webinars, Podcasts, Reviews and More.",1.0,,10.1016/j.reprotox.2013.12.010,24462564,2014-01-28T05:25:24+00:00,428036061558611969
138,@michaelscally,,702.0,,10.1016/j.reprotox.2013.12.010,24462564,2014-01-28T17:01:29+00:00,428211237642465280
139,@omfito,Medicina Interna.. Por una medicina menos técnica menos médicalizada mas racional y más humana,284.0,,10.1016/j.reprotox.2013.12.010,24462564,2014-05-06T16:47:24+00:00,463721704825442304
140,@SRP_NIEHS,"The official feed of the National Institute of Environmental Health Sciences, Superfund Research Program, part of NIH.
Privacy Policy at http://go.usa.gov/BaP",675.0,US,10.1021/acs.est.5b05311,26759916,2016-03-01T16:56:16+00:00,704711867680342016
141,@hlthyagingCHE,"National Coordinator, Healthy Aging and the Environment Initiative for the Collaborative on Health and the Environment",71.0,,10.1021/acs.est.5b05311,26759916,2016-03-01T20:12:32+00:00,704761258046857217
142,@LSUSRP,"The LSU-SRP is comprised of scientists whose research focuses on newly-identified pollutant-particle systems.  Tweets, retweets, mentions are not endorsement.",189.0,US,10.1021/acs.est.5b05311,26759916,2016-03-02T01:50:36+00:00,704846336391122944
143,@airqualityindia,All about India and air pollution. RTs are not endorsement.,414.0,IN,10.1021/acs.est.5b05311,26759916,2016-03-07T15:33:26+00:00,706865349698985985
144,@AirmidHealth,Indoor environment research & development. We help companies innovate & differentiate their products & services through claim verification & lab testing.,1064.0,IE,10.1021/acs.est.5b05311,26759916,2016-07-01T14:06:06+00:00,748880361585803264
145,@socioexposome,"Tracking the emerging #exposome / #bigdata, narratives, ontologies & #omics / #socialscience & #socialdeterminantsofhealth (by @bridgethanna RT ≠ endorsement)",75.0,US,10.1021/acs.est.5b05311,26759916,2016-07-16T14:18:30+00:00,754319299054071812
146,@lawbc,"We help companies making and using chemicals commercialize their products, maintain compliance, and achieve competitive advantage throughout the world.",202.0,US,10.1021/acsnano.5b00941,25791861,2015-04-16T19:31:09+00:00,588786728665776129
147,@ACSNanotation,"A nanoscience community from the American Chemical Society, highlighting the best in nanoscience and nanotechnology",3960.0,,10.1021/acsnano.5b00941,25791861,2015-03-20T17:32:45+00:00,578972459057184768
148,@gopinath16,An early start researcher looking for an opportunity to prove the innovative and creative skills for an successful product design and development.,422.0,TW,10.1021/acsnano.5b00941,25791861,2015-03-21T16:05:52+00:00,579312979210022913
149,@UCCEIN,Univ. of California Center for Environmental Implications of Nanotech. Ensuring nanotech is introduced in a responsible and environmentally-compatible manner,348.0,UZ,10.1021/acsnano.5b00941,25791861,2015-03-20T21:39:55+00:00,579034659998289920
150,@UCCEIN,Univ. of California Center for Environmental Implications of Nanotech. Ensuring nanotech is introduced in a responsible and environmentally-compatible manner,348.0,UZ,10.1021/acsnano.5b00941,25791861,2015-03-26T15:32:20+00:00,581116481594757120
151,@acsnano,"Editor Paul Weiss and ACS Nano staff on nanoscience & nanotechnology research at the interfaces of chemistry, biology, materials science, physics, & engineering",8766.0,US,10.1021/acsnano.5b00941,25791861,2015-03-20T16:10:25+00:00,578951738671046657
152,@pammarrone,Pioneering the discovery and development of effective and environmentally responsible bio-based products for pest management and plant health,2200.0,US,10.1371/journal.pone.0109332,25337994,2014-12-09T21:36:11+00:00,542432543866253312
153,@onlyorganic,Only Organic has nothing to hide.,19520.0,,10.1371/journal.pone.0109332,25337994,2014-12-05T00:10:31+00:00,540659444406050816
154,@NatOrgNet,,57.0,,10.1371/journal.pone.0109332,25337994,2014-12-05T13:24:01+00:00,540859137337589760
155,@themochii,=),59.0,,10.1371/journal.pone.0109332,25337994,2014-12-05T15:38:54+00:00,540893079860150272
156,@gottarun1000,"I am running 1000 miles in 1 year in honor of David Hatfield to raise $100,000 for Lymphoma and Leukemia Society. Tune in regularly for breaking news!",95.0,,10.1371/journal.pone.0109332,25337994,2014-10-22T19:15:33+00:00,525002538824007681
157,@DrMokaya,Believer that your HEALTH is your first WEALTH. Eat right and Exercise. A public health physician and advocate of Wellness through eating Organic,100.0,,10.1371/journal.pone.0109332,25337994,2014-12-12T00:06:56+00:00,543195259300503552
158,@lymphomahub,"An online community dedicated to sharing lymphoma-related news and information, endorsed by the world’s leading oncologists and hematologists.",1139.0,GB,10.1371/journal.pone.0109332,25337994,2015-09-19T10:45:42+00:00,645186999482208257
159,@WEFTEC,"Join us in New Orleans, LA, September 24-28, 2016 /  RT ≠ endorsements",6956.0,US,10.1002/etc.2415,24243593,2014-06-24T11:23:16+00:00,481397138656882688
160,@jimprall,,876.0,CA,10.1002/etc.2415,24243593,2014-06-23T21:10:18+00:00,481182482696388609
161,@frank_burdon,Postdoc Ecologist | Global Change | Biodiversity | Food Webs | Ecosystem Function | Stream Ecology | Hiking | Cricket | Kiwi in Switzerland,594.0,CH,10.1002/etc.2415,24243593,2014-06-24T09:50:03+00:00,481373680950210560
162,@AquaToxWorkshop,The Aquatic Toxicity Workshop (ATW) is Canada's major annual meeting in the field of aquatic toxicology and related disciplines.,79.0,CA,10.1002/etc.2415,24243593,2014-06-25T03:58:06+00:00,481647498662920193
163,@EMMjournal,,,,10.1002/em.21848,24446152,2014-01-21T16:06:24+00:00,425660659678732288
164,@rguha,foo,598.0,US,10.1021/ci500667v,25647539,2015-02-04T23:09:44+00:00,563112197367554048
165,@UESSRR,,337.0,,10.1021/ci500667v,25647539,2015-04-11T07:17:40+00:00,586790201642463232
166,@ecomole_com,"a founder of http://EcoMole.com (PhD chemist, programmer, teacher) (re)tweets personally read books, articles, links",176.0,,10.1021/ci500667v,25647539,2015-04-13T20:24:57+00:00,587713101212028928
167,@CanGovSciPubs,"A bot that tweets new research papers from Canadian Government Departments. Right now I watch AAFC, EC, DFO & NRCan. Not affiliated the Government of Canada",35.0,,10.1016/j.yrtph.2015.04.004,25863193,2015-04-12T10:05:50+00:00,587194907657285632
168,@ForecomBio,"Toxicology, Product Safety, Regulatory, and Chemical Risk Assessment.",241.0,GB,10.1016/j.yrtph.2015.04.004,25863193,2015-08-05T15:49:21+00:00,628955960401362944
169,@BlackPhysicists,Promoting the professional well-being of African American physicists and physics students within the international scientific community and society at large.,13373.0,,10.1088/1752-7155/9/3/039001,26173025,2015-07-14T23:45:19+00:00,621103208421654530
170,@kadai_azuma,鹿児島大学水産学部附属海洋資源環境教育研究センター　東町ステーション非公式Twitter。主にステーションの日常や研究の話を中心につぶやいています。時々管理者の興味がある方向にいってしまうことも・・,70.0,,10.1021/es505054f,25607249,2015-08-19T08:59:32+00:00,633926256921186304
171,@tamaki_fujimori,"麻布高校
東京大学
東京大学大学院博士課程卒業
博士研究員
民間企業就職
自己啓発
平成進化論メルマガ
ドラッカー大好き
特許・契約等の知的財産業務に目覚めています。
知識が増えれば増えるほど、勉強しなければいけない項目が増えていくことに気づかされる毎日です。",633.0,,10.1021/es505054f,25607249,2015-08-20T15:04:00+00:00,634380367277854720
172,@me_taro,鶴岡市に本社を置くHMTのなかのひと。鶴岡から世界に通じる技術をと日々頑張っています。主にメタボロミクスに関連する論文をご紹介します。,248.0,JP,10.1021/es505054f,25607249,2015-08-17T01:01:48+00:00,633081257237217280
173,@USGS_MN,"USGS Science in Minnesota. Like usgsmn on facebook! For national & global earth science follow @USGS.
Disclaimer: tweets ≠ endorsement http://on.doi.gov/pgwu0Y",1445.0,US,10.1017/s1466046613000458,,2014-03-17T18:31:09+00:00,445628421800869889
174,@asthma_papers,RSS feed for #asthma papers in #Pubmed. Create a feed of your own using instructions here:,406.0,,10.1371/journal.pone.0117445,25643280,2015-02-03T13:29:06+00:00,562603686891753472
175,@asthma_papers,RSS feed for #asthma papers in #Pubmed. Create a feed of your own using instructions here:,406.0,,10.1371/journal.pone.0117445,25643280,2015-10-20T12:13:04+00:00,656443012147384320
176,@Immunol_papers,"A TwitterBot for #Immunology papers on #PubMed searching for adaptive, innate and cyto/chemokine. Curated by @ulrikstervbo. For setup see http://bit.ly/1rwtvYu",503.0,,10.1371/journal.pone.0117445,25643280,2015-10-20T13:18:06+00:00,656459375314243586
177,@Immunol_papers,"A TwitterBot for #Immunology papers on #PubMed searching for adaptive, innate and cyto/chemokine. Curated by @ulrikstervbo. For setup see http://bit.ly/1rwtvYu",503.0,,10.1371/journal.pone.0117445,25643280,2015-10-21T00:06:03+00:00,656622440072679424
178,@AllergyNet,"Consultant Physician (Clinical Immunology/Allergy), former Anatomical Pathologist. AllergyNet Australia blog since Jan 1998",2995.0,AU,10.1371/journal.pone.0117445,25643280,2015-10-20T20:30:52+00:00,656568287770251264
179,@AngelGarcia74,,,,10.1039/c2gc36455g,,2013-02-06T02:40:31+00:00,298984486908096512
180,@etc_editor,"Environmental Toxicology & Chemistry
E. Nelson, E. Kagey, and H. Callow, Editorial Office",274.0,,10.1002/etc.2948,25920411,2015-06-18T14:54:02+00:00,611547423995899904
181,@Chemex_Env,"Ecotoxicology Testing, Analytical Support and Consultancy services.
GLP Compliant Laboratory.",337.0,,10.1002/etc.2948,25920411,2015-06-18T14:54:44+00:00,611547599926112258
182,@WilsonToxLab,"Associate Professor of Biology, McMaster University. Research in Aquatic Toxicology, Cytochrome P450 Enzymes",130.0,,10.1002/etc.2948,25920411,2015-06-18T17:26:11+00:00,611585714258616320
183,@ktsemple_lec,Dad/Professor/CRC CARE Fellow/environmental scientist/retired hockey player,194.0,GB,10.1002/etc.2948,25920411,2015-06-18T15:58:54+00:00,611563749812621313
184,@pizzzzzle,molecular biologist,34.0,US,10.1093/toxsci/kfv195,26361796,2015-09-23T16:05:40+00:00,646717074837012481
185,@RNA_seq,"A PubMed RSS feed for RNA-seq [title/abstract], by dlvr.it,  http://bit.ly/1qv7gmS, and @CIgenomics",785.0,GB,10.1093/toxsci/kfv195,26361796,2015-09-13T10:19:03+00:00,643005964287807488
186,@transcriptomes,A transcriptome feed made using #Rstats. Updates made each day at 08:00 Eastern Daylight Time. Created by @davetang31. Image source http://goo.gl/OMOLY3.,232.0,,10.1093/toxsci/kfv195,26361796,2015-09-13T12:00:45+00:00,643031560527069185
187,@SeqComplete,"Accelerating Cutting-Edge Research #NGS #Genomics #MolDx
#PrecisionMedicine #Transcriptomics #BioIT #BioInformatics  #RNASeq #CRISPR #Geneediting #Bigdata",2629.0,,10.1093/toxsci/kfv195,26361796,2015-09-13T14:38:11+00:00,643071179281010688
188,@mason_lab,Associate Professor of Computational Genomics at Weill Cornell Medicine,1834.0,US,10.1093/toxsci/kfv195,26361796,2015-09-14T19:58:52+00:00,643514270832005120
189,@rameshsi3,"cricket enthusiast, field hockey romantic. Gandalf (LOTR) All we have to decide is what to do with the time that is given to us",30.0,US,10.1093/toxsci/kfv195,26361796,2015-09-14T23:59:22+00:00,643574793321607168
190,@MaverixBiomics,Maverix Biomics : Discover the Unexpected,2726.0,,10.1093/toxsci/kfv195,26361796,2015-09-15T05:18:17+00:00,643655052364808192
191,@MrsLaviniaG,"Bioinformatician, married with kids.",280.0,AU,10.1093/toxsci/kfv195,26361796,2015-09-15T21:59:52+00:00,643907108761538560
192,@HESI_Global,"HESI is a nonprofit institution whose mission is to engage academia, government & industry scientists to identify & resolve global health & environmental issues",246.0,US,10.1093/toxsci/kfv195,26361796,2015-10-27T13:57:03+00:00,659005893045022720
193,@BioGPS,"BioGPS is a free extensible and customizable gene annotation portal, a complete resource for learning about gene and protein function.",730.0,,10.1093/toxsci/kfv195,26361796,2015-10-27T14:30:14+00:00,659014243593777152
194,@SOToxicology,"Sharing toxicology news & topics for discussion as part of the Society of Toxicology’s commitment to creating a safer, healthier world by advancing the science.",1159.0,US,10.1093/toxsci/kfv195,26361796,2015-12-02T20:55:13+00:00,672157091084304385
195,@iskander,"Machine learning, genomics, cancer immunotherapy",499.0,US,10.1093/toxsci/kfv195,26361796,2016-04-21T19:22:26+00:00,723230433564082177
196,@Loose_Lab_Rat,Dwelling in the space between #obstetrics & #toxicology. Chemicals targeting the maternal-fetal interface; toxicant-induced placental aging.,1394.0,,10.1021/es305229d,23582134,2013-04-16T18:16:24+00:00,324224775402692609
197,@ecotoxicology,Ecotoxicology and Environmental Pollution  Publications Feed. Keep updated with the latest publications in Evironmental Toxicology and related fields.,1150.0,,10.1002/etc.3164,26184086,2015-07-17T11:32:18+00:00,622005904175722496
198,@Stemina_Bio,,,,10.1016/j.taap.2011.08.025,21925528,2011-11-28T20:46:57+00:00,141256790414340096
199,@stemina_bio,,,,10.1016/j.taap.2011.08.025,21925528,2011-09-09T15:14:07+00:00,112182001104195586
200,@AngelGarcia74,"Engineering, Science, Technology",769.0,VE,10.1021/sc400007p,,2013-03-14T04:01:16+00:00,312050773758443520
201,@limnologia,"Latest Publications in Limnology, Water Resources Research, Freshwater Ecology, Hydrology and related fields | Editor @fgusmao | visit: http://limnologia.org",399.0,,10.1016/j.watres.2012.12.042,23562563,2013-03-21T05:14:22+00:00,314605882853965824
202,@ForecomBio,,,,10.1093/toxsci/kfu200,25466379,2014-12-02T09:52:54+00:00,539718842986287105
203,@acsreader,,14.0,,10.1021/tx400310w,24383450,2014-01-15T03:41:28+00:00,423298863957422081
204,@snowyowls,,1189.0,,10.1021/tx400310w,24383450,2014-01-15T03:41:28+00:00,423298865882619904
205,@crofton_kevin,,1.0,,10.1021/tx400310w,24383450,2015-10-04T19:58:22+00:00,650761900473589760
206,@ToxAndBeyond,"Information about science, the environment, consumer products, risk assessment, risk management, and beyond, served alongside the wonders of humor.",193.0,,10.1289/ehp.1104870,22875311,2012-08-22T15:32:02+00:00,238297486085730304
207,@ToxAndBeyond,"Information about science, the environment, consumer products, risk assessment, risk management, and beyond, served alongside the wonders of humor.",193.0,,10.1289/ehp.1104870,22875311,2012-08-26T12:29:01+00:00,239700977303818240
208,@FrankMcCraw,"devoted father, son, brother, friend, and freethinker committed to changing the world through social enterprise",16.0,US,10.1021/sc4000362,,2013-04-25T19:30:09+00:00,327504822150524928
209,@cornelllabsafe,We are the laboratory safety section in the Cornell University Dept of Environmental Health and Safety,287.0,US,10.1021/sc4000362,,2013-04-27T00:00:21+00:00,327935209167278080
210,@acsdchas,Div of Chemical Health and Safety of the American Chemical Society. #NewsSource reporting chemical events to raise awareness.  #ChemicalSafety,374.0,,10.1021/sc4000362,,2013-04-28T22:00:17+00:00,328629769254076416
211,@labsustain,"This twitter feed tracks news related to Green Labs and laboratory sustainability issues, particularly those related AASHE STARS criteria",97.0,US,10.1021/sc4000362,,2013-04-28T23:00:19+00:00,328644877183225856
212,@limnologia,"Latest Publications in Limnology, Water Resources Research, Freshwater Ecology, Hydrology and related fields | Editor @fgusmao | visit: http://limnologia.org",399.0,,10.1016/j.watres.2012.12.041,23561507,2013-03-21T05:14:21+00:00,314605881755062272
213,@wtrflea_papers,Twitterbot of #Daphnia papers. Curated by @peterdfields.,48.0,,10.1016/j.scitotenv.2015.09.141,26519592,2015-11-01T11:25:05+00:00,660779587832410112
214,@KGDXB,,,,10.1021/es303170u,23181269,2012-12-04T17:21:24+00:00,276013347143548930
215,@WatersCorp,,,,10.1021/es303170u,23181269,2012-12-04T17:20:06+00:00,276013018834407424
216,@ChemConnector,,,,10.1016/j.envint.2015.12.008,26812473,2016-01-23T19:14:28+00:00,690975908296036362
217,@fgibson,,,,10.1016/j.envint.2015.12.008,26812473,2016-01-23T20:12:32+00:00,690990518415810561
218,@mpastorPhI,,,,10.1016/j.envint.2015.12.008,26812473,2016-01-23T21:14:01+00:00,691005992046297088
219,@jillemery,,,,10.1016/j.envint.2015.12.008,26812473,2016-01-24T01:32:06+00:00,691070939761541120
220,@ChemConnector,,,,10.1016/j.envint.2015.12.008,26812473,2016-01-24T01:31:42+00:00,691070841241624576
221,@GrowKudos,,,,10.1016/j.envint.2015.12.008,26812473,2016-01-25T09:58:52+00:00,691560860897116160
222,@ChemConnector,,,,10.1016/j.envint.2015.12.008,26812473,2016-01-25T17:05:21+00:00,691668188845731840
223,@ChemConnector,,,,10.1016/j.envint.2015.12.008,26812473,2016-01-25T17:07:33+00:00,691668741738885120
224,@ChemConnector,,,,10.1016/j.envint.2015.12.008,26812473,2016-01-25T22:31:11+00:00,691750185899143168
225,@PSUmetabolomics,,,,10.1016/j.envint.2015.12.008,26812473,2016-01-25T22:36:43+00:00,691751580014501888
226,@ChemConnector,,,,10.1016/j.envint.2015.12.008,26812473,2016-01-26T19:27:42+00:00,692066400609783808
227,@massspecpro,,,,10.1016/j.envint.2015.12.008,26812473,2016-01-26T20:01:52+00:00,692074998203355136
228,@marekdomin,,,,10.1016/j.envint.2015.12.008,26812473,2016-01-26T22:49:54+00:00,692117284039581696
229,@MassSpecMaven,,,,10.1016/j.envint.2015.12.008,26812473,2016-01-26T23:01:16+00:00,692120144978526209
230,@LC_Analysis,,,,10.1016/j.envint.2015.12.008,26812473,2016-01-29T10:10:38+00:00,693013374888714241
231,@scimichael,PhD HighEnergyPhysics/Optics| 5~Fiber•Optic•Patents| Fusion~Quanta~DarkMatter/Energy~Astrophysics |•| Biophysics,1747.0,US,10.1155/2013/978541,,2013-03-28T12:32:15+00:00,317252797810745344
232,@allevillan,,7.0,,10.1093/toxsci/kfu187,25239632,2015-04-13T20:39:37+00:00,587716795127173123
233,@acsdchas,Div of Chemical Health and Safety of the American Chemical Society. #NewsSource reporting chemical events to raise awareness.  #ChemicalSafety,374.0,,10.1021/es402200h,23957606,2013-09-10T19:00:34+00:00,377506902416314368
234,@EnvSciTech,"Objective reports and analyses of the major advances, trends, and challenges in environmental science, technology, and policy",2767.0,US,10.1021/es402200h,23957606,2013-09-03T16:10:07+00:00,374927296232439808
235,@cornelllabsafe,We are the laboratory safety section in the Cornell University Dept of Environmental Health and Safety,287.0,US,10.1021/es402200h,23957606,2013-09-11T01:00:16+00:00,377597426636689409
236,@petervikesland,"Global Citizen. Father. Husband. Teacher. Researcher. Professor @ Virginia Tech. Interested in nanotechnology, sustainability, and disease.",457.0,,10.1021/es402200h,23957606,2013-09-03T16:24:37+00:00,374930941657247744
237,@VTSuN,Virginia Tech Center for Sustainable Nanotechnology (VTSuN).,719.0,US,10.1021/es402200h,23957606,2013-09-03T19:14:05+00:00,374973591101931520
238,@labsustain,"This twitter feed tracks news related to Green Labs and laboratory sustainability issues, particularly those related AASHE STARS criteria",97.0,US,10.1021/es400839h,23879534,2013-08-06T19:01:25+00:00,364823544179351552
239,@cornelllabsafe,We are the laboratory safety section in the Cornell University Dept of Environmental Health and Safety,287.0,US,10.1021/es400839h,23879534,2013-08-08T23:00:23+00:00,365608454884315136
240,@acsdchas,Div of Chemical Health and Safety of the American Chemical Society. #NewsSource reporting chemical events to raise awareness.  #ChemicalSafety,374.0,,10.1021/es400839h,23879534,2013-08-04T21:00:35+00:00,364128755347775488
241,@acsdchas,Div of Chemical Health and Safety of the American Chemical Society. #NewsSource reporting chemical events to raise awareness.  #ChemicalSafety,374.0,,10.1021/sc400024a,,2013-04-29T19:00:30+00:00,328946913263095808
242,@labsustain,"This twitter feed tracks news related to Green Labs and laboratory sustainability issues, particularly those related AASHE STARS criteria",97.0,US,10.1021/sc400024a,,2013-04-26T11:40:34+00:00,327749037598064641
243,@cornelllabsafe,We are the laboratory safety section in the Cornell University Dept of Environmental Health and Safety,287.0,US,10.1021/sc400024a,,2013-05-02T21:00:13+00:00,330064206391025667
244,@ElsevierChemEng,The official page of Elsevier Chemical Engineering. Follow for news related to the chemicals industry & info on our #ChemEng books & journals.,652.0,,10.1021/sc400024a,,2013-04-29T19:07:30+00:00,328948677290897408
245,@snap_is,Everyone's prosperity relies on nature.,901.0,,10.1021/es503583j,25343693,2014-10-27T20:01:14+00:00,526825971660234752
246,@steveashleyplus,Freelance science/tech writer-editor: SciAm NYT BBC NOVANext AutoEng NewSci Nautilus TheWeek PNAS PopSci Hakai BoingBoing FQXi PhysTdy MechEng ModernistCuisine,1093.0,,10.1021/es503583j,25343693,2014-10-29T13:30:26+00:00,527452401402253314
247,@mazeson,"Forskning o Miljömålschef, Havs- o vattenmyndigheten, Twittrar om vatten, miljö o klimat. Eventuella åsikter är mina egna. Head of Res & Env objectives, SWAM",988.0,SE,10.1021/es503583j,25343693,2014-10-30T12:03:33+00:00,527792923459321857
248,@EnvSciTech,"Objective reports and analyses of the major advances, trends, and challenges in environmental science, technology, and policy",2767.0,US,10.1021/es503583j,25343693,2014-10-30T18:23:34+00:00,527888556694700033
249,@HERA57,"環境問題。安全問題。新技術とリスク。たまに街中で見つけた芸能人。
chemicals/risk/safety engineering/consumer product/new technology/rum/trappistes beer/dark beer",630.0,JP,10.1021/es503583j,25343693,2014-10-31T08:51:17+00:00,528106924521164800
250,@M_Hartl,Associate Prof trying to balance being a marine ecotoxicologist & a dad to two energetic boys...Opinions are my own.,1130.0,GB,10.1021/es503583j,25343693,2014-11-05T22:40:41+00:00,530127589822955521
251,@EnvSciTech,"Objective reports and analyses of the major advances, trends, and challenges in environmental science, technology, and policy",2767.0,US,10.1021/es503583j,25343693,2014-11-05T18:23:33+00:00,530062881606610944
252,@siero5335,"関東の某大学でヒトの健康に関する研究をしています。つぶやきは所属組織を代表・代弁するものではありません。アイコン(Attribution: By Abacenis, CC3.0)",502.0,JP,10.1021/es503583j,25343693,2014-11-07T04:40:15+00:00,530580468219912192
253,@EnvSciTech,"Objective reports and analyses of the major advances, trends, and challenges in environmental science, technology, and policy",2767.0,US,10.1021/es503583j,25343693,2014-10-29T18:24:14+00:00,527526338098630656
254,@nature_brains,"Cool Green Science: 600 scientists helping you get smart about nature. (Curated by @StayClasSci, @eatguineapigs @ccbyington & @justinehausheer.)",10394.0,,10.1021/es503583j,25343693,2014-10-27T20:01:12+00:00,526825962822832131
255,@skim_lab,,13.0,,10.1111/nmo.12776,26806097,2016-01-26T11:30:42+00:00,691946359700787200
256,@lncRNA_papers,Bringing you the latest in #lncRNA scientific literature. #lincRNA #longnoncodingRNA #RNA #biochem #pubmed #science,97.0,US,10.1111/nmo.12776,26806097,2016-01-26T14:46:04+00:00,691995526225534976
257,@Nematode_papers,Twitter bot searching the web for new journal articles on #nematodes,52.0,GB,10.1016/j.ntt.2015.09.003,26386178,2015-09-20T10:17:34+00:00,645542306574024704
258,@mcmullan_papers,,8.0,,10.1016/j.ntt.2015.09.003,26386178,2015-09-20T10:22:33+00:00,645543562700984320
259,@fruitWormPapers,"Continuous, auto-updated feed of #Celegans (and other Caenorhabditeae) of fruit or wherever they may be -- PubMed, arXiv, bioRxiv, and @PeerJ PrePrints.",135.0,,10.1016/j.ntt.2015.09.003,26386178,2015-09-20T14:10:34+00:00,645600946270007300
260,@Loose_Lab_Rat,Dwelling in the space between #obstetrics & #toxicology. Chemicals targeting the maternal-fetal interface; toxicant-induced placental aging.,1423.0,,10.1016/j.ntt.2015.09.003,26386178,2015-09-20T22:59:37+00:00,645734085273473024
261,@EcoEvoJournals,,,,10.1890/12-1166.1,,2013-06-04T07:42:19+00:00,341822206055157761
262,@labsustain,"This twitter feed tracks news related to Green Labs and laboratory sustainability issues, particularly those related AASHE STARS criteria",97.0,US,10.1021/ed400393b,,2014-05-26T19:08:11+00:00,471004889993453569
263,@GreenChemUofT,"The Green Chemistry Initiative is a student organization promoting sustainability in chemistry to researchers and the public. | Tweets by Laura Reyes, Co-Chair",562.0,CA,10.1021/ed400393b,,2014-06-18T14:45:59+00:00,479273828821241857
264,@cornelllabsafe,We are the laboratory safety section in the Cornell University Dept of Environmental Health and Safety,287.0,US,10.1021/ed400393b,,2014-05-27T18:00:58+00:00,471350362541424641
265,@acsdchas,Div of Chemical Health and Safety of the American Chemical Society. #NewsSource reporting chemical events to raise awareness.  #ChemicalSafety,374.0,,10.1021/ed400393b,,2014-05-27T14:06:10+00:00,471291271752204290
266,@DCOutreachInc,"We are an international support group for families affected by Dyskeratosis Congenita, a Telomere Biology Disorder. Facebook Page: https://t.co/cgb9t2Lblg",796.0,VC,10.1080/15287394.2015.1091414,26555155,2015-12-01T16:36:21+00:00,671729558387859456
267,@SynapsePapers,Twitterbot bringing you new papers on neuronal synapses. By @ScienceScribe.,137.0,,10.1210/en.2015-1643,26606422,2015-11-26T11:30:07+00:00,669840551898820608
268,@MicahBoyGenius,"...reaching the world, one tweet at a time. Amazing husband & 4 kids, serving the #Lord | #specialneedsparent #autism #CH #MarathonRunner #MilesForMicah",1941.0,US,10.1210/en.2015-1643,26606422,2016-06-25T16:15:29+00:00,746738594635620352
269,@C_X_,,,,10.1021/jm4004285,24351051,2014-01-07T20:34:49+00:00,420654780331995136
270,@horacio_ps,,,,10.1021/jm4004285,24351051,2014-01-07T21:34:32+00:00,420669806145445889
271,@rguha,,,,10.1021/jm4004285,24351051,2014-01-07T21:44:04+00:00,420672207623561216
272,@JMedChem,,,,10.1021/jm4004285,24351051,2014-01-07T17:19:27+00:00,420605615057010688
273,@rlanzara,,,,10.1021/jm4004285,24351051,2014-01-07T17:28:16+00:00,420607830639792128
274,@Biocheming,,,,10.1021/jm4004285,24351051,2014-01-07T19:40:13+00:00,420641038529998848
275,@che_for_science,"The Collaborative on Health and the Environment is dedicated to scientific and public dialogue on environmental factors linked to health, disease or disability.",822.0,,10.1016/j.chemosphere.2014.02.072,24835158,2014-05-16T17:10:24+00:00,467351369587126273
276,@Loose_Lab_Rat,Dwelling in the space between #obstetrics & #toxicology. Chemicals targeting the maternal-fetal interface; toxicant-induced placental aging.,1424.0,,10.1016/j.chemosphere.2014.02.072,24835158,2014-05-20T17:23:53+00:00,468804315344560129
277,@CorsIAQ,Department Chair @UT_CAEE. Professor. Engineer. #IAQ researcher. Amateur folk guitarist. Dog sympathizer. Coffee addict. Gratefully Deadicated.,1276.0,US,10.1016/j.chemosphere.2014.02.072,24835158,2014-05-27T21:49:44+00:00,471407933708697600
278,@ToxAndBeyond,"Information about science, the environment, consumer products, risk assessment, risk management, and beyond, served alongside the wonders of humor.",195.0,,10.1016/j.chemosphere.2014.02.072,24835158,2014-06-27T18:13:06+00:00,482587442508095489
279,@puhfu,"pediatrician/hospitalist, informaticist, healthcare advocate, nerd, Bruin, dad. CMIO+Chief, Pediatric Hospital Medicine @ Harbor-UCLA. Everton, Galaxy, Dodgers.",1152.0,US,10.1016/j.chemosphere.2014.02.072,24835158,2014-05-15T18:51:30+00:00,467014427145801728
280,@Naturepedic,Certified Organic Mattress Manufacturer | For Baby & For Kids            [For Adults: @naturepedicyou] | Leading Organic Crib Mattress in U.S. #SafeHealthySleep,6042.0,US,10.1016/j.chemosphere.2014.02.072,24835158,2015-03-26T21:45:38+00:00,581210426198851584
281,@WGNHS,Providing objective scientific information about the geologic resources of Wisconsin. University of Wisconsin - Extension. Tweets and links ≠ endorsement,1156.0,US,10.1021/es501055d,24898913,2014-06-09T23:15:20+00:00,476140519165554688
282,@USGS_MN,"USGS Science in Minnesota. Like usgsmn on facebook! For national & global earth science follow @USGS.
Disclaimer: tweets ≠ endorsement http://on.doi.gov/pgwu0Y",1394.0,US,10.1021/es501055d,24898913,2014-08-28T15:38:23+00:00,505016552312541184
283,@MarkBrigham,"Self-powered recreation in the great outdoors. 
Vicariously accomplished via my daughters. 
I research mercury in lakes & rivers, and IBUs in IPA.",81.0,US,10.1021/es501055d,24898913,2014-08-28T15:46:42+00:00,505018644871794688
284,@IHC_Toxicology,Keep up to date with all the latest news and content from Taylor & Francis Toxicology journals.,2327.0,GB,10.3109/00498254.2013.845704,24138324,2013-10-19T03:23:08+00:00,391404118914256896
285,@benblairuww,"PhD, University of Wisconsin at Milwaukee, School of Freshwater Sciences; Research Fellow, School of Public Affairs, University of Colorado Denver",61.0,US,10.1002/etc.2793,25358780,2014-11-06T00:03:13+00:00,530148361593057280
286,@ecotoxicology,Ecotoxicology and Environmental Pollution  Publications Feed. Keep updated with the latest publications in Evironmental Toxicology and related fields.,1153.0,,10.1002/etc.2793,25358780,2014-10-31T11:05:05+00:00,528140598646038528
287,@alfonso_casi,Información de #salud ¿Puedes avanzar sin la #información correcta?                  Desde la fuente y sin conflicto de intereses. Editor de Salud Juntos,8293.0,ES,10.1002/etc.2793,25358780,2015-01-05T10:34:06+00:00,552050399692472320
288,@SaraGomezAranci,Partager les nouvelles de cette petite planète terre! Share the news of this small planet earth!,1364.0,,10.1002/etc.2793,25358780,2015-01-05T10:39:32+00:00,552051765685018624
289,@Maria_diazq,,70.0,,10.1002/etc.2793,25358780,2015-01-05T11:29:41+00:00,552064387159429121
290,@jonaoki,Martial Arts Ronin. WDW & DLR Enthusiast. Food & Drink. #Science #Health #HigherEd #DiversityMatters #Ohana  #Jazz #DisneyMagic #Gaman #Ganbatte #Katsujinken,904.0,,10.1002/etc.2793,25358780,2015-01-06T12:14:34+00:00,552438070851928065
291,@ThoBaSwe,"Ecotoxicologist, Environmental Scientist, Academic, Professor, Photographer",271.0,SE,10.1002/etc.2793,25358780,2015-04-29T06:13:37+00:00,593297064592863233
292,@etc_editor,"Environmental Toxicology & Chemistry
E. Nelson, E. Kagey, and H. Callow, Editorial Office",284.0,,10.1002/etc.2793,25358780,2015-03-04T19:22:14+00:00,573201804659306496
293,@ToxSci,"Toxicological Sciences, The Official Journal of the Society of Toxicology",200.0,,10.1093/toxsci/kfv236,26519955,2016-02-04T15:14:20+00:00,695264128051580929
294,@Biofred1882,,15.0,,10.1039/c5cs00343a,26288197,2015-08-20T10:06:02+00:00,634305383230631937
295,@TheCerebellum,"Tweets from the Editors of The Cerebellum, the official publication of the Society for Research on the Cerebellum, and its sister journal Cerebellum & Ataxias.",296.0,,10.1007/s12311-015-0657-9,25700682,2015-02-20T21:04:54+00:00,568878987210055680
296,@AnalBioanalChem,"Analytical and Bioanalytical Chemistry
- Your society journal for rapid publication and global visibility of analytical research!",333.0,,10.1007/s00216-015-8813-0,26077747,2015-08-05T13:30:23+00:00,628920989703884800
297,@ecotoxicology,Ecotoxicology and Environmental Pollution  Publications Feed. Keep updated with the latest publications in Evironmental Toxicology and related fields.,1152.0,,10.1002/etc.3228,26332155,2015-09-01T23:50:24+00:00,638861492864065536
298,@FCSRovaltain,Compte officiel de la Fondation TOX-ECOTOX de Rovaltain : la fondation pour la recherche en toxicologie environnementale et écotoxicologie,209.0,FR,10.1002/etc.3228,26332155,2015-09-02T03:47:01+00:00,638921043399323648
299,@ChemResTox,,459.0,,10.1021/tx400021f,23611293,2013-06-14T21:11:23+00:00,345649693788876801
300,@limnologia,"Latest Publications in Limnology, Water Resources Research, Freshwater Ecology, Hydrology and related fields | Editor @fgusmao | visit: http://limnologia.org",402.0,,10.1002/etc.2151,23401061,2013-02-07T22:17:47+00:00,299643146718044161
301,@stormpetrel,"Hartlepudlian who likes sport, music, education, language, technology.....nosy about almost everything!",848.0,,10.1088/1752-7155/9/4/047108,26658359,2015-12-11T17:10:50+00:00,675362115646042112
302,@Lab2Bedside,"personalized medicine, lab to bedside, bench to bedside, predictive medicine, targeted therapy, personal genomics, pharmacogenomics. Andy Zaayenga",77.0,,10.1088/1752-7155/9/4/047108,26658359,2015-12-15T14:03:16+00:00,676764464310583296
303,@ASRS,"Automated Storage and Retrieval Systems, ASRS, AS/RS, Automated or semi-automated systems for chemical or biological library storage
Andy Zaayenga",112.0,,10.1088/1752-7155/9/4/047108,26658359,2015-12-15T14:03:16+00:00,676764464864239616
304,@LRIG_ORG,"Laboratory Robotics Interest Group - laboratory automation and robotics in life science, drug discovery, biobanking, biomolecular screening. Andy Zaayenga",1591.0,,10.1088/1752-7155/9/4/047108,26658359,2015-12-15T14:03:16+00:00,676764463672991744
305,@LabRobot,Andy Zaayenga,663.0,,10.1088/1752-7155/9/4/047108,26658359,2015-12-15T14:03:16+00:00,676764464360898561
306,@QSA_DTU,"Official twitter account of Quantitative Sustainability Assessment (QSA) Division, Department of Management Engineering @DTUTweet",79.0,DK,10.1016/j.envint.2016.03.014,27062422,2016-04-08T10:19:43+00:00,718382808167792640
307,@CorsIAQ,Department Chair @UT_CAEE.  Engineer. #IAQ researcher. Dog sympathizer. Not afraid of clowns. Folk guitarist. Faith in younger generations. Deadicated.,1284.0,US,10.1016/j.envint.2016.03.014,27062422,2016-04-16T20:28:39+00:00,721435156255416321
308,@StutheBadger,"Scientist | Writer | Editor | Husband | Father | Sports Fan | #kcfamily - These are my views only, may contain swearing. RT is not endorsement.",927.0,GB,10.1039/c4gc02088j,,2015-02-09T16:59:07+00:00,564830868649558016
309,@BenjaminMWood,Technology Transfer Specialist and car nut. Helping West Midlands #SMEs grow using polymer technology. Occasionally dismantling cylinder heads in the kitchen.,309.0,,10.1039/c4gc02088j,,2015-02-09T17:33:17+00:00,564839467589304320
310,@StuartRColes,"Assistant Professor at WMG, University of Warwick. Research focuses on sustainability, resource efficiency and the effective use of bio-derived feedstocks",195.0,GB,10.1039/c4gc02088j,,2015-02-09T16:54:46+00:00,564829774577954816
311,@NanotechWeek,"Nanotechnology Digest updates.
R&D Projects, Jobs, Industry press releases.",10703.0,US,10.1039/c4gc02088j,,2015-02-09T19:50:56+00:00,564874106026225664
312,@HESI_Global,"HESI is a nonprofit institution whose mission is to engage academia, government & industry scientists to identify & resolve global health & environmental issues",244.0,US,10.1002/0471140856.tx0442s65,26250400,2015-10-28T14:02:50+00:00,659369738980605952
313,@SEMSPSantServ,,,,10.1088/1752-7155/8/3/037107,25190461,2014-09-06T17:06:43+00:00,508300274734473216
314,@IspBARBONI,,,,10.1088/1752-7155/8/3/037107,25190461,2014-09-06T19:08:19+00:00,508330874862317568
315,@SanitariosBomb,,,,10.1088/1752-7155/8/3/037107,25190461,2014-09-06T21:10:40+00:00,508361662764961794
316,@nanotella,Twitting nano,5.0,US,10.1039/c5cs00236b,26435358,2015-10-26T17:04:17+00:00,658690624648974336
317,@Loose_Lab_Rat,Dwelling in the space between #obstetrics & #toxicology. Chemicals targeting the maternal-fetal interface; toxicant-induced placental aging.,1432.0,,10.1016/j.ntt.2015.08.010,26348672,2015-09-09T13:08:51+00:00,641599145460019200
318,@nogdin,,1962.0,,10.1093/toxsci/kfu117,24928890,2015-03-23T17:29:51+00:00,580058891272196096
319,@LorenzAdlung,Systems Biology Science Enthusiast Poetry Fiction Reader Writer Slammer Nerd Geek PhD Student #combatcancerwithequations,366.0,DE,10.1021/acs.chemrestox.5b00024,25692543,2015-02-19T11:31:38+00:00,568372331686424576
320,@acsreader,,14.0,,10.1021/acs.chemrestox.5b00024,25692543,2015-03-04T17:40:14+00:00,573176134117957633
321,@snowyowls,,1189.0,,10.1021/acs.chemrestox.5b00024,25692543,2015-03-04T17:40:20+00:00,573176160214917120
322,@ASRS,"Automated Storage and Retrieval Systems, ASRS, AS/RS, Automated or semi-automated systems for chemical or biological library storage
Andy Zaayenga",112.0,,10.1021/acs.chemrestox.5b00024,25692543,2015-02-19T19:45:11+00:00,568496539607437312
323,@LabRobot,Andy Zaayenga,663.0,,10.1021/acs.chemrestox.5b00024,25692543,2015-02-19T22:55:06+00:00,568544332732620800
324,@LRIG_ORG,"Laboratory Robotics Interest Group - laboratory automation and robotics in life science, drug discovery, biobanking, biomolecular screening. Andy Zaayenga",1591.0,,10.1021/acs.chemrestox.5b00024,25692543,2015-02-19T23:10:10+00:00,568548123234185216
325,@ForecomBio,,,,10.1016/j.yrtph.2015.03.005,,2015-03-18T14:30:57+00:00,578201932747141121
326,@abhik1368,"Data Science / Cheminformatician AbbVie , Internet of things and lots more ..",368.0,US,10.1021/ci300350r,23039255,2012-10-30T09:02:37+00:00,263204249251491841
327,@sfoucart,Journaliste scientifique au Monde et aussi parfois auteur (http://tinyurl.com/lqdxz7l). Rationaliste. RT n'implique pas adhésion. 2ème degré fréquent.,6187.0,,10.1016/j.neuro.2011.11.005,22138353,2012-12-05T20:28:23+00:00,276422789118976000
328,@MicahBoyGenius,"...reaching the world, one tweet at a time. Amazing husband & 4 kids, serving the #Lord | #specialneedsparent #autism #CH #MarathonRunner #MilesForMicah",1940.0,US,10.1016/j.neuro.2011.11.005,22138353,2014-02-27T20:45:49+00:00,439139329516908544
329,@nancyguberti,"Nutritionist, Functional Medicine specialist, Defeat Autism Now & GFCF Diet Counselor offering customized nutraceutical & food regimes. Your health is worth it!",2189.0,US,10.1016/j.neuro.2011.11.005,22138353,2013-02-06T12:00:55+00:00,299125518123548672
330,@EPAresearch,"Science news, links, and conversation from the US Environmental Protection Agency's Office of Research and Development (ORD). RTs /mentions are not endorsement.",85512.0,,10.1093/toxsci/kfs285,23024176,2013-03-12T23:31:00+00:00,311620371294072834
331,@N__W__S,★ Leader in the Maritime Industrial Sector ★ Pioneering Business Excellence ★ Innovation & Environmental Commitment ★ Investor Relations ★ Join the New World!,7082.0,US,10.1093/toxsci/kfs285,23024176,2013-03-13T02:13:44+00:00,311661321781379072
332,@CleanAirUK,Network for Clean Air - People & communities for better #airquality & less #airpollution. Tweets not necessarily endorsements #citizenscience #citisci #cleanair,2122.0,GB,10.1093/toxsci/kfs285,23024176,2013-03-13T10:46:53+00:00,311790462178586624
333,@RootPapers,,,,10.1021/es500016s,24918303,2014-06-12T10:20:17+00:00,477032635441504256
334,@PISCLtd,PETA Int'l Science Consortium Ltd. promotes & funds nonanimal research methods & coordinates members' scientific & regulatory expertise. Following ≠ endorsement,445.0,GB,10.1016/j.yrtph.2016.01.007,26774756,2016-01-21T00:38:58+00:00,689970406032306176
335,@Freja_Petersen,"Animal LOVER. Anti fur, anti hunting/whaling, anti animal testing, anti cruelty. NO life is too small saving
I'm an animal right activist, a rebel with a cause",8287.0,,10.1016/j.yrtph.2016.01.007,26774756,2016-01-31T21:49:33+00:00,693914039362150400
336,@KristiePCRM,Director of Regulatory Testing Issues at the Physicians Committee for Responsible Medicine (@PCRM). Promotes non-animal testing and research.,344.0,,10.1016/j.yrtph.2016.01.007,26774756,2016-02-01T03:57:32+00:00,694006643982336000
337,@drvpsinghvet,one of the qualities that separates us 2- legged animals from 4- legged one is  compassion. It is what makes us tall instead of crawling about on all four.,114.0,IN,10.1016/j.yrtph.2016.01.007,26774756,2016-02-02T06:37:29+00:00,694409284788973568
338,@ForecomBio,"Toxicology, Product Safety, Regulatory, and Chemical Risk Assessment.",241.0,GB,10.1016/j.yrtph.2016.01.007,26774756,2016-05-04T11:27:20+00:00,727821909006667777
339,@Cristina_Inglis,Regulatory ecotoxicologist @environmentca specializing in endocrine disruption. Proponent of integrated approaches to testing and assessment. Views are my own.,88.0,CA,10.1016/j.yrtph.2016.01.007,26774756,2016-05-04T11:27:58+00:00,727822072055889920
340,@caterinaBernar3,My blog is a collection of articles written by natural health experts which you can read for trusted advice on health issues. Go to http://t.co/hgnytjqPeX,4786.0,GB,10.1021/sc500237k,,2014-05-21T20:03:42+00:00,469206923376459777
341,@USCArnoldSchool,The Arnold School of Public Health at the University of South Carolina,740.0,US,10.3109/17435390.2013.858794,24266834,2015-06-22T23:31:13+00:00,613127130092830724
342,@annbmayo,"PhD in quantitative biology, specializing on ants;  plays mountain dulcimer; bicycling and swimming; loves dogs and the Southern Appalachian Mountains",153.0,US,10.1098/rstb.2013.0569,25405959,2014-10-13T13:07:30+00:00,521648423334715392
343,@CountrysideNews,A round up of what's happening in the countryside.,5714.0,GB,10.1098/rstb.2013.0569,25405959,2014-10-14T10:26:30+00:00,521970295930757121
344,@9macar4,Biólogo.  Subsecretário de Desenvolvimento Científico e Tecnológico - GDF,166.0,BR,10.1098/rstb.2013.0569,25405959,2014-10-17T22:07:49+00:00,523233951263907841
345,@hugo_indalecio,"Biologist, football fanatic, luck is for losers. Maybe if we started looking at what's the same instead of what's different... well, who knows",61.0,,10.1098/rstb.2013.0569,25405959,2014-10-20T00:34:32+00:00,523995648169754626
346,@UH_GenGre,Revolutionizing the higher education in  pharmacy at the University of Helsinki to fully integrate environmental  aspects in the curricula… and more!,342.0,FI,10.1098/rstb.2013.0569,25405959,2015-03-11T09:11:51+00:00,575584911190593536
347,@TerhiUusitalo,"@Joutsenmerkki'ssä töissä, kemikaalit työkenttänä. Ympäristökysymykset, kemikaalit ja vastuullisuus kiinnostavat erityisesti. Twiitit omia.",198.0,,10.1098/rstb.2013.0569,25405959,2015-03-16T13:32:55+00:00,577462550138392576
348,@ChanatLucine,"Crowdsourced, direct-to-patient, research and cutting edge health media. Real world data for real life medical decisions. http://www.hormonesmatter.com/",990.0,US,10.1098/rstb.2013.0569,25405959,2015-05-26T00:29:21+00:00,602994897579212800
349,@Immunol_papers,,,,10.3109/1354750x.2015.1094136,26616147,2015-12-02T05:46:05+00:00,671928301506584576
350,@SciReports,"Online & #openaccess. A primary research publication from @nresearchnews, covering all areas of the natural & clinical #sciences.",38219.0,GB,10.1038/srep05664,25012808,2014-07-23T09:25:53+00:00,491876846502699008
351,@EPAresearch,"Science news, links, and conversation from the US Environmental Protection Agency's Office of Research and Development (ORD). RTs /mentions are not endorsement.",85728.0,,10.1038/srep05664,25012808,2014-07-22T18:18:54+00:00,491648596077715456
352,@obx2b,"endurance runner, triathloner, spearer, baker, brewer, mad scientist and more",107.0,US,10.1038/srep05664,25012808,2014-07-22T18:27:21+00:00,491650722182623232
353,@EsperanzitaRita,"Ambientóloga, investigo efectos en salud de exposición a contaminación. Multitarea, ambidiestra, malabarista del tiempo. Experta en resumir en 140 caracteres.",792.0,,10.1038/srep05664,25012808,2014-07-22T19:33:38+00:00,491667404708380672
354,@tim999H,"so easy and yet difficult... a summary.  a network is only a strong as a weakness that interests the members... watch the click and look, obvious circles break!",80.0,,10.1038/srep05664,25012808,2014-07-22T19:53:53+00:00,491672500560867328
355,@SOToxicology,,,,10.1093/toxsci/kfu234,25628403,2015-02-06T01:05:15+00:00,563503654708469760
356,@labsustain,,,,10.1021/es400482g,23758710,2013-07-24T16:00:22+00:00,360066937486708736
357,@cornelllabsafe,,,,10.1021/es400482g,23758710,2013-08-01T16:00:17+00:00,362966019825864705
358,@acsdchas,,,,10.1021/es400482g,23758710,2013-07-17T19:00:27+00:00,357575540946903041
359,@etc_editor,"Environmental Toxicology & Chemistry
E. Nelson, E. Kagey, and H. Callow, Editorial Office",284.0,,10.1002/etc.3002,25827364,2015-08-21T17:47:15+00:00,634783839995469824
360,@FCSRovaltain,Compte officiel de la Fondation TOX-ECOTOX de Rovaltain : la fondation pour la recherche en toxicologie environnementale et écotoxicologie,209.0,FR,10.1002/etc.3002,25827364,2015-08-21T18:08:23+00:00,634789155806031872
361,@earth_wise,"Love Earth, Space, and Environmental Science? Follow us for research news! #EarthWise https://www.facebook.com/EarthScienceCommunity",2153.0,GB,10.1002/etc.3002,25827364,2015-08-26T14:52:50+00:00,636551885256814592
362,@ecotoxicology,Ecotoxicology and Environmental Pollution  Publications Feed. Keep updated with the latest publications in Evironmental Toxicology and related fields.,1152.0,,10.1002/etc.3002,25827364,2015-04-01T10:51:37+00:00,583220164562391040
363,@etc_editor,"Environmental Toxicology & Chemistry
E. Nelson, E. Kagey, and H. Callow, Editorial Office",284.0,,10.1002/etc.3002,25827364,2015-07-29T17:37:01+00:00,626446343356059648
364,@SOToxicology,,,,10.1093/toxsci/kfv171,26251325,2015-11-03T00:55:09+00:00,661345838346731521
365,@ToxSci,,,,10.1093/toxsci/kfv171,26251325,2015-11-09T13:09:31+00:00,663704973356703744
366,@MarBlob,,,,10.1093/toxsci/kfv171,26251325,2015-11-09T20:24:37+00:00,663814469412352000
367,@NLM_SIS,,,,10.1093/toxsci/kfv171,26251325,2015-11-09T23:45:11+00:00,663864945990311936
368,@FrontPharmacol,"The official Twitter Feed for all the latest open-access, peer-reviewed articles in Frontiers in Pharmacology",594.0,CH,10.3389/fphar.2014.00246,25477820,2014-11-18T16:55:03+00:00,534751651681140736
369,@ForecomBio,,,,10.1016/j.toxrep.2014.12.009,,2015-01-07T14:42:00+00:00,552837560914169856
370,@QSA_DTU,,,,10.1016/j.toxrep.2014.12.009,,2015-11-17T09:17:30+00:00,666545688713539585
371,@ForecomBio,,,,10.1016/j.toxrep.2014.12.009,,2015-12-29T20:50:13+00:00,681940304459612161
372,@SciReports,"Online & #openaccess. A primary research publication from @nresearchnews, covering all areas of the natural & clinical #sciences.",37474.0,GB,10.1038/srep06437,25257666,2014-09-26T12:16:56+00:00,515475104701382657
373,@zushi_twt,気になったトピックのメモ帳です。時事ネタ、サイエンス、趣味、ものの見方・考え方　についてつぶやいてます。今年は在外研究中なので特に思考的なものが増えるかも   Ski/NBA/Swiss/EPFL/eawag/ETH/JSPS/Environ/Chem/Scientist,52.0,CH,10.1016/j.scitotenv.2013.04.051,23707726,2013-06-25T17:01:09+00:00,349572988036853760
374,@SRF_Repro,The Society for Reproduction and Fertility (SRF) aims to enhance the knowledge of reproductive processes and fertility in man and animals.,585.0,GB,10.1530/rep-12-0266,23041508,2012-12-31T11:50:52+00:00,285714639218688000
375,@SRF_Repro,The Society for Reproduction and Fertility (SRF) aims to enhance the knowledge of reproductive processes and fertility in man and animals.,585.0,GB,10.1530/rep-12-0266,23041508,2012-12-31T11:50:32+00:00,285714553348685824
376,@cornelllabsafe,We are the laboratory safety section in the Cornell University Dept of Environmental Health and Safety,287.0,US,10.1021/es502976y,25369427,2014-11-24T15:56:07+00:00,536911146226548736
377,@SafetyStratus,"SafetyStratus is a cloud-based Environmental, Health, Safety, and Sustainability (EHSS) platform.",433.0,US,10.1021/es502976y,25369427,2014-11-28T15:59:15+00:00,538361487648366594
378,@labsustain,"This twitter feed tracks news related to Green Labs and laboratory sustainability issues, particularly those related AASHE STARS criteria",97.0,US,10.1021/es502976y,25369427,2014-12-01T15:59:16+00:00,539448653128417280
379,@acsdchas,Div of Chemical Health and Safety of the American Chemical Society. #NewsSource reporting chemical events to raise awareness.  #ChemicalSafety,374.0,,10.1021/es502976y,25369427,2015-01-01T16:51:15+00:00,550695759411429378
380,@StopVaccination,التطعيم يضر ولا ينفع | لا عدوى ولا جرثومة تسبب مرضا بعينه |  الجراثيم تظهر مع المرض | أسباب المرض: تطعيم أدوية مبيدات كيماويات كهرباء لاسلكي  أشعة - ؟؟؟,1187.0,,10.1021/es502976y,25369427,2016-06-03T15:39:20+00:00,738756966361747456
381,@Loose_Lab_Rat,Dwelling in the space between #obstetrics & #toxicology. Chemicals targeting the maternal-fetal interface; toxicant-induced placental aging.,1425.0,,10.1289/ehp.1408504,25616259,2015-01-24T17:30:33+00:00,559040573592854528
382,@itsmepanda1,"Answer is out there Head in hands, crying, she looked up at me & said well where is it? Vaccination=medical procedure. Don't give up your right to decide.",2641.0,,10.1289/ehp.1408504,25616259,2015-01-24T17:33:20+00:00,559041270681993217
383,@ecotoxicology,Ecotoxicology and Environmental Pollution  Publications Feed. Keep updated with the latest publications in Evironmental Toxicology and related fields.,1152.0,,10.1002/etc.2791,25352477,2014-10-28T17:05:01+00:00,527144015347843072
384,@CEINTnano,"Center for the Environmental Implications of NanoTechnology. Based at Duke, Carnegie Mellon, Howard, Virginia Tech, University of Kentucky, Baylor and Stanford.",362.0,,10.1002/etc.2791,25352477,2014-11-07T14:59:12+00:00,530736231903416320
385,@etc_editor,"Environmental Toxicology & Chemistry
E. Nelson, E. Kagey, and H. Callow, Editorial Office",284.0,,10.1002/etc.2791,25352477,2014-10-29T18:26:52+00:00,527527000421195777
386,@USCArnoldSchool,The Arnold School of Public Health at the University of South Carolina,745.0,US,10.1002/etc.2791,25352477,2015-06-10T12:02:09+00:00,608605065776144385
387,@AdeptusConsult,"Specialists in Environmental Site Assessment, Monitoring and Management.",73.0,GB,10.1016/j.taap.2014.11.006,25529470,2015-09-08T21:47:58+00:00,641367400634556416
388,@IVTS_uk,In Vitro Toxicology Society - Championing in vitro and computational toxicology,238.0,GB,10.1016/j.taap.2014.11.006,25529470,2015-07-29T09:42:28+00:00,626326918074396672
389,@marathonjonn,"Father, husband, military #veteran, #naturalist, #empiricist, #skeptic, #Buddhist, #MedicalEthics/ #InformedConsent advocate, runner",195.0,AU,10.1016/j.envint.2014.07.010,25090576,2014-10-29T21:37:16+00:00,527574917479690242
390,@marathonjonn,"Father, husband, military #veteran, #naturalist, #empiricist, #skeptic, #Buddhist, #MedicalEthics/ #InformedConsent advocate, runner",195.0,AU,10.1016/j.envint.2014.07.010,25090576,2014-11-30T22:32:16+00:00,539185166909177857
391,@marathonjonn,"Father, husband, military #veteran, #naturalist, #empiricist, #skeptic, #Buddhist, #MedicalEthics/ #InformedConsent advocate, runner",195.0,AU,10.1016/j.envint.2014.07.010,25090576,2015-01-12T18:41:06+00:00,554709672243261440
392,@etc_editor,"Environmental Toxicology & Chemistry
E. Nelson, E. Kagey, and H. Callow, Editorial Office",274.0,,10.1002/etc.2756,25242526,2014-11-03T17:06:39+00:00,529318753075748864
393,@ecotoxicology,Ecotoxicology and Environmental Pollution  Publications Feed. Keep updated with the latest publications in Evironmental Toxicology and related fields.,1135.0,,10.1002/etc.2756,25242526,2014-09-19T18:57:17+00:00,513039141886779392
394,@ecotoxicology,Ecotoxicology and Environmental Pollution  Publications Feed. Keep updated with the latest publications in Evironmental Toxicology and related fields.,1153.0,,10.1002/etc.2965,25772004,2015-03-13T14:29:37+00:00,576389656188706816
395,@Fish_Genomics,Applying genomics to fish reproductive biology and ecotoxicology.  Being a mum keeps me sane!,531.0,,10.1021/es4040254,24433150,2014-02-01T15:09:13+00:00,429632537955012608
396,@lepido_papers,Continuous feed for papers on Lepidoptera from PubMed. Run by @LepPhylo,137.0,,10.1093/toxsci/kfu169,25145659,2015-07-21T14:54:03+00:00,623506228363182080
397,@dopaminergic13,Researcher in physicians' health via wearable sensors & biometrics.Tech. Brain. AI. Data science. Singularity Alumnus. Founder. Lab rat still,1834.0,FI,10.1371/journal.pcbi.1002996,23592958,2013-04-10T14:08:03+00:00,321987946507034624
398,@animesh1977,,1234.0,NO,10.1371/journal.pcbi.1002996,23592958,2013-04-04T21:21:30+00:00,319922700392992769
399,@VEGFRSSfeeds,,346.0,,10.1371/journal.pcbi.1002996,23592958,2013-04-18T11:24:49+00:00,324845970397474816
400,@AmSciMag,"Published since 1913 by @SigmaXiSociety, American Scientist magazine publishes award-winning content about science, technology, engineering, & mathematics.",17966.0,US,10.1371/journal.pcbi.1002996,23592958,2016-04-26T16:54:48+00:00,725005218010812416
401,@theReal_Rebel,"Filmmaker, Writer, Artist, former Actress, comicbook artist/writer sometime Comics reporter, VFX artist 3D & 2D & stop-mo Animator,Writer's Ass't.",1899.0,,10.1371/journal.pcbi.1002996,23592958,2016-04-26T16:55:48+00:00,725005471061401600
402,@fenellasaunders,"Managing editor for American Scientist magazine, @AmSciMag. Deep love of robots and comic books. Avid proponent of mentoring-see my linkedin pg. Tweets my own.",1452.0,US,10.1371/journal.pcbi.1002996,23592958,2016-04-26T17:03:30+00:00,725007406640578560
403,@Rich__Stanton,Avian ecologist and general bird fanatic.,199.0,,10.1650/condor-13-045.1,,2014-05-13T19:42:53+00:00,466302582227738624
404,@BioOneNews,BioOne is the nonprofit publisher of the full-text database @BioOneComplete & open-access journal Elementa: Science of the Anthropocene @elementascience,1408.0,US,10.1650/condor-13-045.1,,2014-05-13T19:35:11+00:00,466300644589334529
405,@CondorJournal,The Condor: Ornithological Applications is a peer-reviewed scientific journal co-published by Cooper Ornithological Society & American Ornithologists' Union.,3020.0,,10.1650/condor-13-045.1,,2015-12-29T18:26:24+00:00,681904115396521984
406,@J_Buler,Assistant Professor at @UDelaware using weather surveillance radar to learn about the ecology of flying animals.,141.0,US,10.1650/condor-13-045.1,,2015-12-30T01:42:46+00:00,682013929049042944
407,@StephSEcologist,"Biologist - researcher and teacher. Love science, enjoy outdoors and birding and hiking.",1205.0,US,10.1650/condor-13-045.1,,2015-12-30T03:48:48+00:00,682045644781924352
408,@CondorJournal,The Condor: Ornithological Applications is a peer-reviewed scientific journal co-published by Cooper Ornithological Society & American Ornithologists' Union.,3020.0,,10.1650/condor-13-045.1,,2016-01-04T16:56:43+00:00,684055870267768832
409,@BirdLifeAmerica,BirdLife International en las Américas / BirdLife International in the Americas. Más de 120 socios en el mundo. More than 120 Partners worldwide. RT ≠ endorse,794.0,EC,10.1650/condor-13-045.1,,2016-01-04T17:31:01+00:00,684064504720834560
410,@AmOrnith,Gateway to #ornithology resources • American Ornithologists’ Union + Cooper Ornithological Society • Scientific study and conservation of birds in the Americas,3530.0,,10.1650/condor-13-045.1,,2016-01-04T17:58:42+00:00,684071470121762816
411,@CondorJournal,The Condor: Ornithological Applications is a peer-reviewed scientific journal co-published by Cooper Ornithological Society & American Ornithologists' Union.,3020.0,,10.1650/condor-13-045.1,,2016-03-11T20:00:47+00:00,708382181475811328
412,@biofilmPapers,Stay on top of all the latest publications on Biofilm research curated from PubMed. #biofilm #microbiology #antibioticresistance. Run by @mccarthy_ronan,292.0,,10.1016/j.watres.2015.03.003,25841090,2015-04-05T10:20:05+00:00,584661779071897600
413,@an_chem,Editor-in-Chief Jonathan Sweedler and ACS staff on research in all branches of analytical chemistry,3907.0,US,10.1021/ac402306f,24067055,2013-11-05T12:34:03+00:00,397703355314626560
414,@meganlatshaw,Helping environmental & public health laboratories assess human exposure to chemicals and other contaminants at APHL. Building a better EH system at APHA.,632.0,,10.1021/ac402306f,24067055,2013-11-10T23:04:42+00:00,399674004589797376
415,@an_chem,Editor-in-Chief Jonathan Sweedler and ACS staff on research in all branches of analytical chemistry,3907.0,US,10.1021/ac402306f,24067055,2013-11-18T19:26:48+00:00,402518268080308225
416,@ISIAQnews,Official tweets by the International Society of Indoor Air Quality and climate (ISIAQ),157.0,,10.1021/ac402306f,24067055,2013-11-18T21:21:41+00:00,402547180600590336
417,@trj2,Pathogens and Human Health Group Leader in Umik at Eawag.    All views expressed are mine own.,96.0,CH,10.1021/ac402306f,24067055,2013-11-18T18:18:53+00:00,402501175607824384
418,@jackbennett57,,16.0,,10.1021/ac402306f,24067055,2013-11-10T22:31:34+00:00,399665663725146112
419,@spbarrett9,Applied Sport Scientist & Performance Nutritionist | Doctoral Researcher @LJMUSportSci | Assistant Lecturer @DHSESWIT | Former International Track Cyclist,762.0,IE,10.3109/1354750x.2014.988646,,2014-12-18T11:48:30+00:00,545546139387580417
420,@acsdchas,Div of Chemical Health and Safety of the American Chemical Society. #NewsSource reporting chemical events to raise awareness.  #ChemicalSafety,374.0,,10.1021/es402911e,24102115,2013-11-22T00:00:40+00:00,403674355785543680
421,@EmoryHERCULES,,,,10.1088/1752-7155/8/2/029001,24800639,2014-07-02T13:28:40+00:00,484327798723837952
422,@IHC_Toxicology,Keep up to date with all the latest news and content from Taylor & Francis Toxicology journals.,2339.0,GB,10.3109/10408444.2013.853726,24252121,2013-11-20T04:55:53+00:00,403023872074588160
423,@ForecomBio,"Toxicology, Product Safety, Regulatory, and Chemical Risk Assessment.",234.0,GB,10.3109/10408444.2013.853726,24252121,2014-02-23T17:54:28+00:00,437646654066270208
424,@EnvSciTech,"Objective reports and analyses of the major advances, trends, and challenges in environmental science, technology, and policy",2767.0,US,10.1021/es404027n,24409827,2014-01-17T14:07:03+00:00,424181074739347456
425,@USGS_MN,"USGS Science in Minnesota. Like usgsmn on facebook! For national & global earth science follow @USGS.
Disclaimer: tweets ≠ endorsement http://on.doi.gov/pgwu0Y",1445.0,US,10.1021/es404027n,24409827,2014-04-04T21:06:47+00:00,452190569398157312
426,@Fish_Genomics,Applying genomics to fish reproductive biology and ecotoxicology.  Being a mum keeps me sane!,531.0,,10.1021/es404027n,24409827,2014-02-01T15:14:08+00:00,429633772271583232
427,@USGS_MN,"USGS Science in Minnesota. Like usgsmn on facebook! For national & global earth science follow @USGS.
Disclaimer: tweets ≠ endorsement http://on.doi.gov/pgwu0Y",1445.0,US,10.1021/es404027n,24409827,2014-03-14T20:25:08+00:00,444569940280897536
428,@USGS_MN,"USGS Science in Minnesota. Like usgsmn on facebook! For national & global earth science follow @USGS.
Disclaimer: tweets ≠ endorsement http://on.doi.gov/pgwu0Y",1445.0,US,10.1021/es404027n,24409827,2014-03-14T20:32:44+00:00,444571853407784960
429,@USGS_MN,"USGS Science in Minnesota. Like usgsmn on facebook! For national & global earth science follow @USGS.
Disclaimer: tweets ≠ endorsement http://on.doi.gov/pgwu0Y",1445.0,US,10.1021/es404027n,24409827,2014-03-14T20:34:20+00:00,444572255306010624
430,@fly_papers,Twitterbot of #Drosophila papers in #PubMed/#arXiv/#bioRxiv/#PeerJ/#F1000. Curated by @caseybergman. Image credit: http://en.wikipedia.org/wiki/Drosophila_hydei,1420.0,,10.1016/j.ntt.2014.11.008,25445728,2014-12-03T11:48:44+00:00,540110380656107520
431,@EPAresearch,"Science news, links, and conversation from the US Environmental Protection Agency's Office of Research and Development (ORD). RTs /mentions are not endorsement.",85512.0,,10.1093/toxsci/kfr220,21873373,2012-03-07T18:15:17+00:00,177457408224927744
432,@Toxin_Wisdom,,,,10.1093/toxsci/kfr220,21873373,2011-10-19T21:49:03+00:00,126776903804792832
433,@DustinMulvaney,"Visiting Scholar Bill Lane Center for the American West @Stanford, Associate Professor Environmental Studies @SJSU, SolarPower '17 @ucpress, cofounder @ecoshift",1749.0,,10.1007/s10646-015-1442-8,25821135,2015-05-03T18:28:16+00:00,594931496537849857
434,@ecotoxicology,Ecotoxicology and Environmental Pollution  Publications Feed. Keep updated with the latest publications in Evironmental Toxicology and related fields.,1135.0,,10.1007/s10646-015-1442-8,25821135,2015-06-08T19:05:51+00:00,607986918735900672
435,@FCSRovaltain,Compte officiel de la Fondation TOX-ECOTOX de Rovaltain : la fondation pour la recherche en toxicologie environnementale et écotoxicologie,209.0,FR,10.1007/s10646-015-1442-8,25821135,2015-06-09T04:08:38+00:00,608123511597596672
436,@PaulRobbins15,"Director, Nelson Institute for Environmental Studies Be against what's WRONG, not what's NEXT.",1929.0,US,10.1007/s10646-015-1442-8,25821135,2015-05-03T17:36:27+00:00,594918457298288640
437,@limnologia,"Latest Publications in Limnology, Water Resources Research, Freshwater Ecology, Hydrology and related fields | Editor @fgusmao | visit: http://limnologia.org",380.0,,10.1016/j.watres.2012.12.037,23374256,2013-01-13T11:41:57+00:00,290423433534255104
438,@Immunol_papers,,,,10.3109/1354750x.2015.1094136,26616147,2015-12-02T05:46:05+00:00,671928301506584576
439,@MooresResearch,"Associate Professor at McGill University. Catalysis, Nanoparticles, Iron, Biopolymers. Plus fun on campus and beyond",576.0,,10.1039/c4gc00418c,,2014-09-23T17:40:10+00:00,514469285557981184
440,@Geeri_MK,"Ph.D. Student, McGill University, Montreal, Canada",58.0,CA,10.1039/c4gc00418c,,2014-09-23T17:41:11+00:00,514469541842518017
441,@MooresResearch,"Associate Professor at McGill University. Catalysis, Nanoparticles, Iron, Biopolymers. Plus fun on campus and beyond",576.0,,10.1039/c4gc00418c,,2015-03-16T13:13:32+00:00,577457670929678336
442,@Geeri_MK,"Ph.D. Student, McGill University, Montreal, Canada",58.0,CA,10.1039/c4gc00418c,,2015-03-16T13:51:13+00:00,577467156528513024
443,@MooresResearch,"Associate Professor at McGill University. Catalysis, Nanoparticles, Iron, Biopolymers. Plus fun on campus and beyond",576.0,,10.1039/c4gc00418c,,2014-07-04T21:09:53+00:00,485168642959880193
444,@NAWaterOffice,NAWO is a non-profit organization chartered in 1982 to educate people about solutions to environmental problems caused by society's waste,137.0,US,10.1007/s00244-013-9934-0,23860575,2014-06-04T17:53:29+00:00,474247584718942208
445,@UBCFoMGrantDev,,48.0,,10.1093/toxsci/kfw034,26884060,2016-03-14T20:51:03+00:00,709481994963451905
446,@LRIG_ORG,"Laboratory Robotics Interest Group - laboratory automation and robotics in life science, drug discovery, biobanking, biomolecular screening. Andy Zaayenga",1586.0,,10.1093/toxsci/kfw034,26884060,2016-03-16T18:45:36+00:00,710175200495726595
447,@LabRobot,Andy Zaayenga,660.0,,10.1093/toxsci/kfw034,26884060,2016-03-16T18:50:35+00:00,710176453166546945
448,@ASRS,"Automated Storage and Retrieval Systems, ASRS, AS/RS, Automated or semi-automated systems for chemical or biological library storage
Andy Zaayenga",111.0,,10.1093/toxsci/kfw034,26884060,2016-03-17T19:35:23+00:00,710550115237425152
449,@GrantDevJW,,48.0,,10.1093/toxsci/kfw034,26884060,2016-04-23T08:56:37+00:00,723797716355047425
450,@LabRobot,Andy Zaayenga,660.0,,10.1093/toxsci/kfw034,26884060,2016-04-26T18:55:12+00:00,725035518816313344
451,@LRIG_ORG,"Laboratory Robotics Interest Group - laboratory automation and robotics in life science, drug discovery, biobanking, biomolecular screening. Andy Zaayenga",1586.0,,10.1093/toxsci/kfw034,26884060,2016-04-26T19:00:52+00:00,725036943705264128
452,@SOToxicology,"Sharing toxicology news & topics for discussion as part of the Society of Toxicology’s commitment to creating a safer, healthier world by advancing the science.",1132.0,US,10.1093/toxsci/kfw034,26884060,2016-05-02T19:40:13+00:00,727221173692551169
453,@ToxSci,,186.0,,10.1093/toxsci/kfw034,26884060,2016-05-20T12:44:48+00:00,733639610631344128
454,@SOToxicology,"Sharing toxicology news & topics for discussion as part of the Society of Toxicology’s commitment to creating a safer, healthier world by advancing the science.",1132.0,US,10.1093/toxsci/kfw034,26884060,2016-05-28T00:30:46+00:00,736353989965578240
455,@servestomwright,,66.0,AU,10.1177/1087057116640520,27028607,2016-03-30T10:14:18+00:00,715119956426252288
456,@ElleseCotterill,PhD student in computational neuroscience at the University of Cambridge,12.0,GB,10.1177/1087057116640520,27028607,2016-03-30T10:29:20+00:00,715123737482407937
457,@servestomwright,,66.0,AU,10.1177/1087057116640520,27028607,2016-03-30T10:31:58+00:00,715124404049485824
458,@SLAS_Org,Society for Laboratory Automation and Screening is a global community focused on advancing scientific research and innovation through laboratory technology.,1559.0,,10.1177/1087057116640520,27028607,2016-05-20T17:02:32+00:00,733704470677336065
459,@m_biros,"'Mostly musings on local life science, technology and marketing",64.0,US,10.1177/1087057116640520,27028607,2016-05-27T17:46:59+00:00,736252373002113029
460,@StemCellMarket,"BioInformant is an intergalactically recognized #stemcell & #cordblood expert. We will alert you to market trends, before your competition. [Cade Hildreth, CEO]",13395.0,US,10.1177/1087057116640520,27028607,2016-06-12T02:17:59+00:00,741816789093515264
461,@aprajita1998,"Stem cell engineering student                  
   
science is an art and art is a  science



proud to be an Indian",43.0,IN,10.1177/1087057116640520,27028607,2016-06-12T12:34:19+00:00,741971894035873794
462,@IHC_Toxicology,Keep up to date with all the latest news and content from Taylor & Francis Toxicology journals.,2327.0,GB,10.3109/10408444.2013.835786,24180433,2013-11-05T04:26:43+00:00,397580714515783681
463,@pmctrawler,Tweets when articles get their first Commons comment. Not a service of or sanctioned by NIH. Experimental; accuracy not guaranteed!,162.0,,10.3109/10408444.2013.835786,24180433,2014-04-03T19:37:02+00:00,451805592567287808
464,@jakekei,"PhD Student at UC Berkeley.
Key research interests: using metabolomics approach to study the exposome & developing novel method to measure the blood exposome",14.0,US,10.1021/es2033857,22324457,2014-06-04T01:44:05+00:00,474003627393044480
465,@neuroethology,,,,10.1371/journal.pone.0046579,23144784,2012-11-08T18:45:52+00:00,266612519416786944
466,@KuwabaraMasaru,,,,10.1371/journal.pone.0046579,23144784,2012-11-15T09:13:12+00:00,269005116571545600
467,@krillig,,,,10.1371/journal.pone.0046579,23144784,2012-11-09T00:57:56+00:00,266706153319313408
468,@USTNeuroscience,,,,10.1371/journal.pone.0046579,23144784,2012-11-08T21:52:10+00:00,266659404257062914
469,@limnologia,"Latest Publications in Limnology, Water Resources Research, Freshwater Ecology, Hydrology and related fields | Editor @fgusmao | visit: http://limnologia.org",402.0,,10.1002/etc.2123,23322586,2013-01-15T16:56:12+00:00,291227296822611968
470,@Loose_Lab_Rat,Dwelling in the space between #obstetrics & #toxicology. Chemicals targeting the maternal-fetal interface; toxicant-induced placental aging.,1424.0,,10.1016/j.taap.2015.09.012,26387765,2015-09-22T14:59:02+00:00,646337916298510336
471,@Loose_Lab_Rat,Dwelling in the space between #obstetrics & #toxicology. Chemicals targeting the maternal-fetal interface; toxicant-induced placental aging.,1424.0,,10.1016/j.taap.2015.09.012,26387765,2016-05-17T20:09:46+00:00,732664428576055296
472,@ToxSci,"Toxicological Sciences, The Official Journal of the Society of Toxicology",200.0,,10.1093/toxsci/kfv196,26350170,2015-12-07T16:27:15+00:00,673901597001404417
473,@EPAresearch,"Science news, links, and conversation from the US Environmental Protection Agency's Office of Research and Development (ORD). RTs /mentions are not endorsement.",85512.0,,10.1093/toxsci/kfv196,26350170,2015-12-07T21:08:10+00:00,673972291903033345
474,@MarkPlackett1,"ID Microbiologist, Computer Eng and more recently Builder with a keen interest in the environment",2630.0,,10.1093/toxsci/kfv196,26350170,2015-12-07T21:08:32+00:00,673972381795266560
475,@AndConrad,Environmental health ~ Scientist at UBA (German EPA) ~ Tweeting personal views only ~ RT ≠ endorsement,128.0,DE,10.1093/toxsci/kfv196,26350170,2015-12-07T21:09:31+00:00,673972629422923776
476,@NettTech,Nett Technologies is North America's leading manufacturer of emission control solutions and technologies. Contact Nett at (800) 361-6388.,5705.0,CA,10.1093/toxsci/kfv196,26350170,2015-12-07T21:12:08+00:00,673973290009010176
477,@Ros_DC,"Riesgo, Salud Humana y Productos Químicos",73.0,ES,10.1093/toxsci/kfv196,26350170,2015-12-07T21:30:23+00:00,673977879697473537
478,@solhog,"The truth should not be silenced!
Sustainable democracy, human and environmental global rights requires the truth! (Middleaged female biologist mother forever)",2005.0,SE,10.1093/toxsci/kfv196,26350170,2015-12-07T21:33:39+00:00,673978705400741888
479,@etc_editor,"Environmental Toxicology & Chemistry
E. Nelson, E. Kagey, and H. Callow, Editorial Office",274.0,,10.1002/etc.2708,25098918,2014-10-23T16:41:14+00:00,525326090005254145
480,@ecotoxicology,Ecotoxicology and Environmental Pollution  Publications Feed. Keep updated with the latest publications in Evironmental Toxicology and related fields.,1135.0,,10.1002/etc.2708,25098918,2014-09-29T16:58:01+00:00,516633005990109185
481,@MilouDingemans,Subcoordinator EU-project DENAMIC | Neurotoxicology | IRAS | Utrecht University | Utrecht-West,60.0,,10.1016/j.tox.2014.02.016,24631210,2014-06-24T11:27:24+00:00,481398180118949889
482,@F1000,"F1000Workspace: a collaborative tool for writing, collecting & discussing papers. F1000Prime: Identifying great research in biology & med.",18992.0,,10.1016/j.tox.2014.02.016,24631210,2014-06-24T11:32:46+00:00,481399530395807744
